claim_id	row_fingerprint	kind	specs	mysql_fixtures	native_tests	application_runners	ci_tiers
claim-0001	cecac9a851a25947	mysql	docs/specs/baseline-builtin-schema-catalog/specs.md	packages/libmylite/tests/mysql_baseline_builtin_schema_catalog_expectations.sh	packages/libmylite/tests/runtime_information_schema_core_test.c	-	pr-native;nightly-mysql
claim-0002	49c8add48f4d4e0b	mysql	docs/specs/baseline-builtin-schema-catalog/specs.md	packages/libmylite/tests/mysql_baseline_builtin_schema_catalog_expectations.sh	packages/libmylite/tests/runtime_information_schema_core_test.c	-	pr-native;nightly-mysql
claim-0003	00e8f49c6bb64371	mysql	docs/specs/baseline-built-in-schema-table-directory/specs.md	packages/libmylite/tests/mysql_baseline_builtin_schema_table_directory_expectations.sh	packages/libmylite/tests/runtime_builtin_schema_table_directory_test.c	-	pr-native;nightly-mysql
claim-0004	9ee5f07431f8223e	mysql	docs/specs/baseline-information-schema-static-catalogs/specs.md	packages/libmylite/tests/mysql_baseline_information_schema_static_catalogs_expectations.sh	packages/libmylite/tests/runtime_information_schema_static_catalogs_test.c	-	pr-native;nightly-mysql
claim-0005	66ce45a9408e2ff0	mysql	docs/specs/baseline-information-schema-innodb-indexes/specs.md	packages/libmylite/tests/mysql_baseline_information_schema_innodb_indexes_expectations.sh	packages/libmylite/tests/runtime_information_schema_innodb_indexes_test.c	-	pr-native;nightly-mysql
claim-0006	20fdfad15ca4cd6d	mysql	docs/specs/baseline-information-schema-role-grant-tables/specs.md	packages/libmylite/tests/mysql_baseline_information_schema_role_grant_tables_expectations.sh	packages/libmylite/tests/runtime_information_schema_role_grant_tables_test.c	-	pr-native;nightly-mysql
claim-0007	46d07c2aa4948ca8	mysql	docs/specs/baseline-information-schema-extension-attribute-tables/specs.md	packages/libmylite/tests/mysql_baseline_information_schema_extension_attribute_tables_expectations.sh	packages/libmylite/tests/runtime_information_schema_extension_attribute_tables_test.c	-	pr-native;nightly-mysql
claim-0008	185e8cf763825359	mysql	docs/specs/baseline-sys-sys-config-table/specs.md	packages/libmylite/tests/mysql_baseline_sys_sys_config_table_expectations.sh	packages/libmylite/tests/runtime_sys_sys_config_table_test.c	-	pr-native;nightly-mysql
claim-0009	4d862718ff9869c9	mysql	docs/specs/baseline-sys-version-view-definition/specs.md	packages/libmylite/tests/mysql_baseline_sys_version_view_definition_expectations.sh	packages/libmylite/tests/runtime_sys_version_view_test.c	-	pr-native;nightly-mysql
claim-0010	6a2ae9b1287ea216	mysql	docs/specs/baseline-sys-host-summary-views/specs.md	packages/libmylite/tests/mysql_baseline_sys_host_summary_views_expectations.sh	packages/libmylite/tests/runtime_sys_host_summary_views_test.c	-	pr-native;nightly-mysql
claim-0011	21795a8abf6a8268	mysql	docs/specs/baseline-sys-host-summary-by-file-io-views/specs.md	packages/libmylite/tests/mysql_baseline_sys_host_summary_by_file_io_views_expectations.sh	packages/libmylite/tests/runtime_sys_host_summary_by_file_io_views_test.c	-	pr-native;nightly-mysql
claim-0012	0aa319ee5001c1fd	mysql	docs/specs/baseline-sys-host-summary-by-file-io-type-views/specs.md	packages/libmylite/tests/mysql_baseline_sys_host_summary_by_file_io_type_views_expectations.sh	packages/libmylite/tests/runtime_sys_host_summary_by_file_io_type_views_test.c	-	pr-native;nightly-mysql
claim-0013	32b908958d249ea1	mysql	docs/specs/baseline-sys-host-summary-by-stages-views/specs.md	packages/libmylite/tests/mysql_baseline_sys_host_summary_by_stages_views_expectations.sh	packages/libmylite/tests/runtime_sys_host_summary_by_stages_views_test.c	-	pr-native;nightly-mysql
claim-0014	27f9a918bbdabd83	mysql	docs/specs/baseline-sys-host-summary-by-statement-latency-views/specs.md	packages/libmylite/tests/mysql_baseline_sys_host_summary_by_statement_latency_views_expectations.sh	packages/libmylite/tests/runtime_sys_host_summary_by_statement_latency_views_test.c	-	pr-native;nightly-mysql
claim-0015	b4bcdfb4243ad4ff	mysql	docs/specs/baseline-sys-host-summary-by-statement-type-views/specs.md	packages/libmylite/tests/mysql_baseline_sys_host_summary_by_statement_type_views_expectations.sh	packages/libmylite/tests/runtime_sys_host_summary_by_statement_type_views_test.c	-	pr-native;nightly-mysql
claim-0016	6377a8ca06b0096d	mysql	docs/specs/baseline-sys-user-summary-views/specs.md	packages/libmylite/tests/mysql_baseline_sys_user_summary_views_expectations.sh	packages/libmylite/tests/runtime_sys_user_summary_views_test.c	-	pr-native;nightly-mysql
claim-0017	a1bce798bf17c664	mysql	docs/specs/baseline-sys-wait-views/specs.md	packages/libmylite/tests/mysql_baseline_sys_wait_views_expectations.sh	packages/libmylite/tests/runtime_sys_wait_views_test.c	-	pr-native;nightly-mysql
claim-0018	4ad36e0a4ee0363c	mysql	docs/specs/baseline-sys-innodb-buffer-stats-by-schema-views/specs.md	packages/libmylite/tests/mysql_baseline_sys_innodb_buffer_stats_by_schema_views_expectations.sh	packages/libmylite/tests/runtime_sys_innodb_buffer_stats_by_schema_views_test.c	-	pr-native;nightly-mysql
claim-0019	5d63c5f6bb9e6294	mysql	docs/specs/baseline-sys-innodb-buffer-stats-by-table-views/specs.md	packages/libmylite/tests/mysql_baseline_sys_innodb_buffer_stats_by_table_views_expectations.sh	packages/libmylite/tests/runtime_sys_innodb_buffer_stats_by_table_views_test.c	-	pr-native;nightly-mysql
claim-0020	7a37e9c98f936bb6	mysql	docs/specs/baseline-sys-ps-check-lost-instrumentation-view/specs.md	packages/libmylite/tests/mysql_baseline_sys_ps_check_lost_instrumentation_view_expectations.sh	packages/libmylite/tests/runtime_sys_ps_check_lost_instrumentation_view_test.c	-	pr-native;nightly-mysql
claim-0021	80a39ad7a5a42784	mysql	docs/specs/baseline-sys-innodb-lock-waits-views/specs.md	packages/libmylite/tests/mysql_baseline_sys_innodb_lock_waits_views_expectations.sh	packages/libmylite/tests/runtime_sys_innodb_lock_waits_views_test.c	-	pr-native;nightly-mysql
claim-0022	129f7da504466a3b	mysql	docs/specs/baseline-sys-latest-file-io-views/specs.md	packages/libmylite/tests/mysql_baseline_sys_latest_file_io_views_expectations.sh	packages/libmylite/tests/runtime_sys_latest_file_io_views_test.c	-	pr-native;nightly-mysql
claim-0023	798486b1e8899b2a	mysql	docs/specs/baseline-sys-memory-by-host-by-current-bytes-views/specs.md	packages/libmylite/tests/mysql_baseline_sys_memory_by_host_by_current_bytes_views_expectations.sh	packages/libmylite/tests/runtime_sys_memory_by_host_by_current_bytes_views_test.c	-	pr-native;nightly-mysql
claim-0024	66a610d1aafc2f8b	mysql	docs/specs/baseline-sys-memory-by-thread-by-current-bytes-views/specs.md	packages/libmylite/tests/mysql_baseline_sys_memory_by_thread_by_current_bytes_views_expectations.sh	packages/libmylite/tests/runtime_sys_memory_by_thread_by_current_bytes_views_test.c	-	pr-native;nightly-mysql
claim-0025	ff3f4710d697b7cc	mysql	docs/specs/baseline-sys-memory-by-user-by-current-bytes-views/specs.md	packages/libmylite/tests/mysql_baseline_sys_memory_by_user_by_current_bytes_views_expectations.sh	packages/libmylite/tests/runtime_sys_memory_by_user_by_current_bytes_views_test.c	-	pr-native;nightly-mysql
claim-0026	1a1aacd8ce58167d	mysql	docs/specs/baseline-sys-memory-global-by-current-bytes-views/specs.md	packages/libmylite/tests/mysql_baseline_sys_memory_global_by_current_bytes_views_expectations.sh	packages/libmylite/tests/runtime_sys_memory_global_by_current_bytes_views_test.c	-	pr-native;nightly-mysql
claim-0027	51197c170ddf7a75	mysql	docs/specs/baseline-sys-memory-global-total-views/specs.md	packages/libmylite/tests/mysql_baseline_sys_memory_global_total_views_expectations.sh	packages/libmylite/tests/runtime_sys_memory_global_total_views_test.c	-	pr-native;nightly-mysql
claim-0028	3ee0d499becba273	mysql	docs/specs/baseline-sys-metrics-view/specs.md	packages/libmylite/tests/mysql_baseline_sys_metrics_view_expectations.sh	packages/libmylite/tests/runtime_sys_metrics_view_test.c	-	pr-native;nightly-mysql
claim-0029	a419510e07256933	mysql	docs/specs/baseline-sys-processlist-views/specs.md	packages/libmylite/tests/mysql_baseline_sys_processlist_views_expectations.sh	packages/libmylite/tests/runtime_sys_processlist_views_test.c	-	pr-native;nightly-mysql
claim-0030	071cf5f3777e2188	mysql	docs/specs/baseline-sys-session-views/specs.md	packages/libmylite/tests/mysql_baseline_sys_session_views_expectations.sh	packages/libmylite/tests/runtime_sys_session_views_test.c	-	pr-native;nightly-mysql
claim-0031	44f64b1e5522af48	mysql	docs/specs/baseline-sys-statement-sort-temp-views/specs.md	packages/libmylite/tests/mysql_baseline_sys_statement_sort_temp_views_expectations.sh	packages/libmylite/tests/runtime_sys_statement_sort_temp_views_test.c	-	pr-native;nightly-mysql
claim-0032	063b40b15d92019c	mysql	docs/specs/baseline-sys-io-by-thread-by-latency-views/specs.md	packages/libmylite/tests/mysql_baseline_sys_io_by_thread_by_latency_views_expectations.sh	packages/libmylite/tests/runtime_sys_io_by_thread_by_latency_views_test.c	-	pr-native;nightly-mysql
claim-0033	abedaf769ae2954f	mysql	docs/specs/baseline-sys-io-global-by-file-by-bytes-views/specs.md	packages/libmylite/tests/mysql_baseline_sys_io_global_by_file_by_bytes_views_expectations.sh	packages/libmylite/tests/runtime_sys_io_global_by_file_by_bytes_views_test.c	-	pr-native;nightly-mysql
claim-0034	1862999f72a0ae6a	mysql	docs/specs/baseline-sys-io-global-by-file-by-latency-views/specs.md	packages/libmylite/tests/mysql_baseline_sys_io_global_by_file_by_latency_views_expectations.sh	packages/libmylite/tests/runtime_sys_io_global_by_file_by_latency_views_test.c	-	pr-native;nightly-mysql
claim-0035	3e1eb8b918ae1131	mysql	docs/specs/baseline-sys-io-global-by-wait-by-bytes-views/specs.md	packages/libmylite/tests/mysql_baseline_sys_io_global_by_wait_by_bytes_views_expectations.sh	packages/libmylite/tests/runtime_sys_io_global_by_wait_by_bytes_views_test.c	-	pr-native;nightly-mysql
claim-0036	b29b9cb48c0b9632	mysql	docs/specs/baseline-sys-io-global-by-wait-by-latency-views/specs.md	packages/libmylite/tests/mysql_baseline_sys_io_global_by_wait_by_latency_views_expectations.sh	packages/libmylite/tests/runtime_sys_io_global_by_wait_by_latency_views_test.c	-	pr-native;nightly-mysql
claim-0037	ed31f9af1125cdce	mysql	docs/specs/baseline-sys-ps-digest-helper-views/specs.md	packages/libmylite/tests/mysql_baseline_sys_ps_digest_helper_views_expectations.sh	packages/libmylite/tests/runtime_sys_ps_digest_helper_views_test.c	-	pr-native;nightly-mysql
claim-0038	3dec884da07a73df	mysql	docs/specs/baseline-sys-x-ps-schema-table-statistics-io-view/specs.md	packages/libmylite/tests/mysql_baseline_sys_x_ps_schema_table_statistics_io_view_expectations.sh	packages/libmylite/tests/runtime_sys_x_ps_schema_table_statistics_io_view_test.c	-	pr-native;nightly-mysql
claim-0039	60ef5256f1f260e4	mysql	docs/specs/baseline-sys-schema-auto-increment-columns-view/specs.md	packages/libmylite/tests/mysql_baseline_sys_schema_auto_increment_columns_view_expectations.sh	packages/libmylite/tests/runtime_sys_schema_auto_increment_columns_view_test.c	-	pr-native;nightly-mysql
claim-0040	b847f88b1b7894d7	mysql	docs/specs/baseline-sys-schema-index-statistics-views/specs.md	packages/libmylite/tests/mysql_baseline_sys_schema_index_statistics_views_expectations.sh	packages/libmylite/tests/runtime_sys_schema_index_statistics_views_test.c	-	pr-native;nightly-mysql
claim-0041	de43eec40191199a	mysql	docs/specs/baseline-sys-schema-object-overview-view/specs.md	packages/libmylite/tests/mysql_baseline_sys_schema_object_overview_view_expectations.sh	packages/libmylite/tests/runtime_sys_schema_object_overview_view_test.c	-	pr-native;nightly-mysql
claim-0042	d23a7e041aa0108d	mysql	docs/specs/baseline-sys-schema-redundant-indexes-views/specs.md	packages/libmylite/tests/mysql_baseline_sys_schema_redundant_indexes_views_expectations.sh	packages/libmylite/tests/runtime_sys_schema_redundant_indexes_views_test.c	-	pr-native;nightly-mysql
claim-0043	0430b324667781b7	mysql	docs/specs/baseline-sys-schema-table-lock-waits-views/specs.md	packages/libmylite/tests/mysql_baseline_sys_schema_table_lock_waits_views_expectations.sh	packages/libmylite/tests/runtime_sys_schema_table_lock_waits_views_test.c	-	pr-native;nightly-mysql
claim-0044	0205fcc6a177f2cc	mysql	docs/specs/baseline-sys-schema-table-statistics-views/specs.md	packages/libmylite/tests/mysql_baseline_sys_schema_table_statistics_views_expectations.sh	packages/libmylite/tests/runtime_sys_schema_table_statistics_views_test.c	-	pr-native;nightly-mysql
claim-0045	151c617163cf6ca8	mysql	docs/specs/baseline-sys-schema-table-statistics-with-buffer-views/specs.md	packages/libmylite/tests/mysql_baseline_sys_schema_table_statistics_with_buffer_views_expectations.sh	packages/libmylite/tests/runtime_sys_schema_table_statistics_with_buffer_views_test.c	-	pr-native;nightly-mysql
claim-0046	09e321b1b4b7a470	mysql	docs/specs/baseline-sys-schema-tables-with-full-table-scans-views/specs.md	packages/libmylite/tests/mysql_baseline_sys_schema_tables_with_full_table_scans_views_expectations.sh	packages/libmylite/tests/runtime_sys_schema_tables_with_full_table_scans_views_test.c	-	pr-native;nightly-mysql
claim-0047	861c902e78cc8a11	mysql	docs/specs/baseline-sys-schema-unused-indexes-view/specs.md	packages/libmylite/tests/mysql_baseline_sys_schema_unused_indexes_view_expectations.sh	packages/libmylite/tests/runtime_sys_schema_unused_indexes_view_test.c	-	pr-native;nightly-mysql
claim-0048	08cfc0d3fa879fcf	mysql	docs/specs/baseline-sys-sys-config-triggers/specs.md	packages/libmylite/tests/mysql_baseline_sys_sys_config_triggers_expectations.sh	packages/libmylite/tests/runtime_sys_sys_config_triggers_test.c	-	pr-native;nightly-mysql
claim-0049	cce1e323d67d20e1	mysql	docs/specs/baseline-sys-sys-config-triggers/specs.md	packages/libmylite/tests/mysql_baseline_sys_sys_config_triggers_expectations.sh	packages/libmylite/tests/runtime_sys_sys_config_triggers_test.c	-	pr-native;nightly-mysql
claim-0050	462e1da9db094b93	mysql	docs/specs/baseline-sys-version-view-definition/specs.md	packages/libmylite/tests/mysql_baseline_sys_version_view_definition_expectations.sh	packages/libmylite/tests/runtime_sys_version_view_test.c	-	pr-native;nightly-mysql
claim-0051	c1598c75bb280500	mysql	docs/specs/baseline-sys-io-global-by-file-by-latency-views/specs.md	packages/libmylite/tests/mysql_baseline_sys_io_global_by_file_by_latency_views_expectations.sh	packages/libmylite/tests/runtime_sys_io_global_by_file_by_latency_views_test.c	-	pr-native;nightly-mysql
claim-0052	ab888bbd71fa271e	mysql	docs/specs/baseline-sys-wait-views/specs.md	packages/libmylite/tests/mysql_baseline_sys_wait_views_expectations.sh	packages/libmylite/tests/runtime_sys_wait_views_test.c	-	pr-native;nightly-mysql
claim-0053	8f624f46fb0a1cad	mysql	docs/specs/baseline-sys-memory-by-host-by-current-bytes-views/specs.md	packages/libmylite/tests/mysql_baseline_sys_memory_by_host_by_current_bytes_views_expectations.sh	packages/libmylite/tests/runtime_sys_memory_by_host_by_current_bytes_views_test.c	-	pr-native;nightly-mysql
claim-0054	35732d6b6793a40a	mysql	docs/specs/baseline-sys-schema-auto-increment-columns-view/specs.md	packages/libmylite/tests/mysql_baseline_sys_schema_auto_increment_columns_view_expectations.sh	packages/libmylite/tests/runtime_sys_schema_auto_increment_columns_view_test.c	-	pr-native;nightly-mysql
claim-0055	aa27325cb26a53bd	mysql	docs/specs/baseline-sys-helper-functions/specs.md	packages/libmylite/tests/mysql_baseline_sys_helper_functions_expectations.sh	packages/libmylite/tests/runtime_sys_helper_functions_test.c	-	pr-native;nightly-mysql
claim-0056	60d2af1ea92b3c60	mysql	docs/specs/baseline-sys-performance-schema-helper-functions/specs.md	packages/libmylite/tests/mysql_baseline_sys_performance_schema_helper_functions_expectations.sh	packages/libmylite/tests/runtime_sys_performance_schema_helper_functions_test.c	-	pr-native;nightly-mysql
claim-0057	e138ebe2db3b50a3	mysql	docs/specs/baseline-performance-schema-native-helper-functions/specs.md	packages/libmylite/tests/mysql_baseline_sys_performance_schema_helper_functions_expectations.sh	packages/libmylite/tests/runtime_sys_performance_schema_helper_functions_test.c	-	pr-native;nightly-mysql
claim-0058	48e831a201ca1adc	mysql	docs/specs/baseline-performance-schema-variable-status-tables/specs.md	packages/libmylite/tests/mysql_baseline_performance_schema_variable_status_tables_expectations.sh	packages/libmylite/tests/runtime_performance_schema_variable_status_tables_test.c	-	pr-native;nightly-mysql
claim-0059	e9db0245c7bd64d8	mysql	docs/specs/baseline-performance-schema-variable-info-tables/specs.md	packages/libmylite/tests/mysql_baseline_performance_schema_variable_info_tables_expectations.sh	packages/libmylite/tests/runtime_performance_schema_variable_info_tables_test.c	-	pr-native;nightly-mysql
claim-0060	c0ab26b56c690747	mysql	docs/specs/baseline-performance-schema-instance-tables/specs.md	packages/libmylite/tests/mysql_baseline_performance_schema_instance_tables_expectations.sh	packages/libmylite/tests/runtime_performance_schema_instance_tables_test.c	-	pr-native;nightly-mysql
claim-0061	c3326b88b33670fe	mysql	docs/specs/baseline-performance-schema-instrumentation-placeholders/specs.md	packages/libmylite/tests/mysql_baseline_performance_schema_instrumentation_placeholders_expectations.sh	packages/libmylite/tests/runtime_performance_schema_instrumentation_placeholders_test.c	-	pr-native;nightly-mysql
claim-0062	1428ee17d6cb8a96	mysql	docs/specs/baseline-performance-schema-host-keyring-placeholders/specs.md	packages/libmylite/tests/mysql_baseline_performance_schema_host_keyring_placeholders_expectations.sh	packages/libmylite/tests/runtime_performance_schema_host_keyring_placeholders_test.c	-	pr-native;nightly-mysql
claim-0063	7a0ed245e6dc633c	mysql	docs/specs/baseline-performance-schema-replication-placeholders/specs.md	packages/libmylite/tests/mysql_baseline_performance_schema_replication_placeholders_expectations.sh	packages/libmylite/tests/runtime_performance_schema_replication_placeholders_test.c	-	pr-native;nightly-mysql
claim-0064	d23672baa2e0ccd6	mysql	docs/specs/baseline-performance-schema-connection-attribute-tables/specs.md	packages/libmylite/tests/mysql_baseline_performance_schema_connection_attribute_tables_expectations.sh	packages/libmylite/tests/runtime_performance_schema_connection_attribute_tables_test.c	-	pr-native;nightly-mysql
claim-0065	2366bf59358b9567	mysql	docs/specs/baseline-performance-schema-performance-timers-table/specs.md	packages/libmylite/tests/mysql_baseline_performance_schema_performance_timers_expectations.sh	packages/libmylite/tests/runtime_performance_schema_performance_timers_test.c	-	pr-native;nightly-mysql
claim-0066	c91fe2f3945504db	mysql	docs/specs/baseline-performance-schema-setup-actor-consumer-tables/specs.md	packages/libmylite/tests/mysql_baseline_performance_schema_setup_actor_consumer_tables_expectations.sh	packages/libmylite/tests/runtime_performance_schema_setup_actor_consumer_tables_test.c	-	pr-native;nightly-mysql
claim-0067	7595fed73c27112e	mysql	docs/specs/baseline-performance-schema-setup-logger-meter-tables/specs.md	packages/libmylite/tests/mysql_baseline_performance_schema_setup_logger_meter_tables_expectations.sh	packages/libmylite/tests/runtime_performance_schema_setup_logger_meter_tables_test.c	-	pr-native;nightly-mysql
claim-0068	c26a938a6bff3315	mysql	docs/specs/baseline-performance-schema-setup-metrics-table/specs.md	packages/libmylite/tests/mysql_baseline_performance_schema_setup_metrics_table_expectations.sh	packages/libmylite/tests/runtime_performance_schema_setup_metrics_table_test.c	-	pr-native;nightly-mysql
claim-0069	bc479ec384e48b3a	mysql	docs/specs/baseline-performance-schema-setup-objects-table/specs.md	packages/libmylite/tests/mysql_baseline_performance_schema_setup_objects_expectations.sh	packages/libmylite/tests/runtime_performance_schema_setup_objects_test.c	-	pr-native;nightly-mysql
claim-0070	494af601f71e8a65	mysql	docs/specs/baseline-performance-schema-setup-threads-table/specs.md	packages/libmylite/tests/mysql_baseline_performance_schema_setup_threads_expectations.sh	packages/libmylite/tests/runtime_performance_schema_setup_threads_test.c	-	pr-native;nightly-mysql
claim-0071	f3e413b4909ac5fa	mysql	docs/specs/baseline-performance-schema-metadata-locks/specs.md	packages/libmylite/tests/mysql_baseline_performance_schema_metadata_locks_expectations.sh	packages/libmylite/tests/runtime_performance_schema_metadata_locks_test.c	-	pr-native;nightly-mysql
claim-0072	3d7b66b9a07e4d3c	mysql	docs/specs/baseline-performance-schema-object-tls-placeholders/specs.md	packages/libmylite/tests/mysql_baseline_performance_schema_object_tls_placeholders_expectations.sh	packages/libmylite/tests/runtime_performance_schema_object_tls_placeholders_test.c	-	pr-native;nightly-mysql
claim-0073	fa0d533f1bbbad20	mysql	docs/specs/baseline-performance-schema-table-handles-table/specs.md	packages/libmylite/tests/mysql_baseline_performance_schema_table_handles_table_expectations.sh	packages/libmylite/tests/runtime_performance_schema_table_handles_table_test.c	-	pr-native;nightly-mysql
claim-0074	8c748b448c770536	mysql	docs/specs/baseline-performance-schema-table-wait-summary-placeholders/specs.md	packages/libmylite/tests/mysql_baseline_performance_schema_table_wait_summary_placeholders_expectations.sh	packages/libmylite/tests/runtime_performance_schema_table_wait_summary_placeholders_test.c	-	pr-native;nightly-mysql
claim-0075	68d8c3f2aa6c2fe5	mysql	docs/specs/baseline-performance-schema-user-defined-functions-table/specs.md	packages/libmylite/tests/mysql_baseline_performance_schema_user_defined_functions_expectations.sh	packages/libmylite/tests/runtime_performance_schema_user_defined_functions_test.c	-	pr-native;nightly-mysql
claim-0076	7fb036dbb86f25f6	mysql	docs/specs/baseline-performance-schema-user-variables-by-thread-table/specs.md	packages/libmylite/tests/mysql_baseline_performance_schema_user_variables_by_thread_expectations.sh	packages/libmylite/tests/runtime_performance_schema_user_variables_by_thread_test.c	-	pr-native;nightly-mysql
claim-0077	7723cf2a1ffa549c	mysql	docs/specs/baseline-sys-procedure-placeholders/specs.md	packages/libmylite/tests/mysql_baseline_sys_procedure_placeholders_expectations.sh	packages/libmylite/tests/runtime_sys_procedure_placeholders_test.c	-	pr-native;nightly-mysql
claim-0078	ff233ee330276294	mysql	docs/specs/baseline-mysql-enterprise-table-absence/specs.md	packages/libmylite/tests/mysql_baseline_mysql_enterprise_table_absence_expectations.sh	packages/libmylite/tests/runtime_mysql_enterprise_table_absence_test.c	-	pr-native;nightly-mysql
claim-0079	f74c5d78ce1ecceb	mysql	docs/specs/baseline-mysql-global-grants-table/specs.md	packages/libmylite/tests/mysql_baseline_mysql_global_grants_table_expectations.sh	packages/libmylite/tests/runtime_mysql_global_grants_table_test.c	-	pr-native;nightly-mysql
claim-0080	55c495f2c67c4e7e	mysql	docs/specs/baseline-mysql-component-table/specs.md	packages/libmylite/tests/mysql_baseline_mysql_component_table_expectations.sh	packages/libmylite/tests/runtime_mysql_component_table_test.c	-	pr-native;nightly-mysql
claim-0081	7e5465c4c44ced9e	mysql	docs/specs/baseline-mysql-replication-metadata-tables/specs.md	packages/libmylite/tests/mysql_baseline_mysql_replication_metadata_tables_expectations.sh	packages/libmylite/tests/runtime_mysql_replication_metadata_tables_test.c	-	pr-native;nightly-mysql
claim-0082	ae38c4e9b7aaada5	mysql	docs/specs/baseline-session-system-user-identity/specs.md	packages/libmylite/tests/mysql_baseline_session_system_user_identity_expectations.sh	packages/libmylite/tests/runtime_current_user_identity_test.c	-	pr-native;nightly-mysql
claim-0083	ad49a36d42705cfa	mysql	docs/specs/baseline-current-role-function/specs.md	packages/libmylite/tests/mysql_baseline_current_role_function_expectations.sh	packages/libmylite/tests/runtime_current_user_identity_test.c	-	pr-native;nightly-mysql
claim-0084	e6cd18a8ec59f576	mysql	docs/specs/parser-admin-stored-program-placeholders/specs.md	packages/libmylite/tests/mysql_parser_corpus_admin_transaction_surfaces_expectations.sh	packages/libmylite/tests/parser_admin_stored_program_placeholders_test.c	-	pr-native;nightly-mysql
claim-0085	824b60b78b32cba6	mysql	docs/specs/parser-corpus-view-fulltext-utility-placeholders/specs.md	packages/libmylite/tests/mysql_parser_corpus_view_fulltext_utility_placeholders_expectations.sh	packages/libmylite/tests/parser_corpus_view_fulltext_utility_placeholders_test.c	-	pr-native;nightly-mysql
claim-0086	11c3fc34ca7b5992	mysql	docs/specs/parser-corpus-admin-set-residuals/specs.md	packages/libmylite/tests/mysql_parser_corpus_admin_set_residuals_expectations.sh	packages/libmylite/tests/parser_corpus_admin_set_residuals_test.c	-	pr-native;nightly-mysql
claim-0087	b701c42c7717cfc1	mysql	docs/specs/baseline-mysql-server-version-identity/specs.md	packages/libmylite/tests/mysql_baseline_sql_generate_invisible_primary_key_system_variable_expectations.sh	packages/libmylite/tests/runtime_sql_generate_invisible_primary_key_system_variable_test.c	-	pr-native;nightly-mysql
claim-0088	1fec3a7a488a6d0e	mysql	docs/specs/baseline-remaining-system-variables/specs.md	packages/libmylite/tests/mysql_baseline_remaining_system_variables_expectations.sh	packages/libmylite/tests/runtime_remaining_system_variables_test.c	-	pr-native;nightly-mysql
claim-0089	66806585d78fdc55	mysql	docs/specs/baseline-diagnostics-count-variables/specs.md	packages/libmylite/tests/mysql_baseline_diagnostics_count_variables_expectations.sh	packages/libmylite/tests/runtime_diagnostics_count_variables_test.c	-	pr-native;nightly-mysql
claim-0090	b8b48636a59ab2cf	mysql	docs/specs/baseline-diagnostics-count-variables/specs.md	packages/libmylite/tests/mysql_baseline_diagnostics_count_variables_expectations.sh	packages/libmylite/tests/runtime_diagnostics_count_variables_test.c	-	pr-native;nightly-mysql
claim-0091	33b94ef3ecd7c934	mysql	docs/specs/baseline-explicit-defaults-for-timestamp-system-variable/specs.md	packages/libmylite/tests/mysql_baseline_explicit_defaults_for_timestamp_system_variable_expectations.sh	packages/libmylite/tests/runtime_explicit_defaults_for_timestamp_system_variable_test.c	-	pr-native;nightly-mysql
claim-0092	e774e2f237624245	mysql	docs/specs/baseline-database-character-set-system-variables/specs.md	packages/libmylite/tests/mysql_baseline_database_character_set_system_variables_expectations.sh	packages/libmylite/tests/runtime_character_set_system_variables_test.c	-	pr-native;nightly-mysql
claim-0093	3d6c974258bbf37d	mysql	docs/specs/baseline-filesystem-character-set-system-variable/specs.md	packages/libmylite/tests/mysql_baseline_filesystem_character_set_system_variable_expectations.sh	packages/libmylite/tests/runtime_character_set_system_variables_test.c	-	pr-native;nightly-mysql
claim-0094	f070d85fe055ff44	mysql	docs/specs/baseline-default-tmp-storage-engine-system-variable/specs.md	packages/libmylite/tests/mysql_baseline_default_tmp_storage_engine_system_variable_expectations.sh	packages/libmylite/tests/runtime_innodb_engine_surface_test.c	-	pr-native;nightly-mysql
claim-0095	5ea5a3371384305d	mysql	docs/specs/baseline-auto-increment-step-system-variables/specs.md	packages/libmylite/tests/mysql_baseline_auto_increment_step_system_variables_expectations.sh	packages/libmylite/tests/runtime_auto_increment_step_system_variables_test.c	-	pr-native;nightly-mysql
claim-0096	3930ed0b1667c94a	mysql	docs/specs/baseline-autocommit-system-variable/specs.md	packages/libmylite/tests/mysql_baseline_autocommit_system_variable_expectations.sh	packages/libmylite/tests/runtime_autocommit_system_variable_test.c	-	pr-native;nightly-mysql
claim-0097	2234a38e31e421db	mysql	docs/specs/baseline-big-tables-system-variable/specs.md	packages/libmylite/tests/mysql_baseline_big_tables_system_variable_expectations.sh	packages/libmylite/tests/runtime_big_tables_system_variable_test.c	-	pr-native;nightly-mysql
claim-0098	ef9e4ced0e259d69	mysql	docs/specs/baseline-sql-quote-show-create-system-variable/specs.md	packages/libmylite/tests/mysql_baseline_sql_quote_show_create_system_variable_expectations.sh	packages/libmylite/tests/runtime_sql_quote_show_create_system_variable_test.c	-	pr-native;nightly-mysql
claim-0099	879b28761f86549c	mysql	docs/specs/baseline-mutable-foreign-key-checks/specs.md	packages/libmylite/tests/mysql_baseline_foreign_key_checks_system_variable_expectations.sh	packages/libmylite/tests/runtime_foreign_key_checks_system_variable_test.c	-	pr-native;nightly-mysql
claim-0100	ad489c4f4903e501	mysql	docs/specs/baseline-group-concat-max-len-system-variable/specs.md	packages/libmylite/tests/mysql_baseline_group_concat_max_len_system_variable_expectations.sh	packages/libmylite/tests/runtime_group_concat_max_len_system_variable_test.c	-	pr-native;nightly-mysql
claim-0101	91e9ba5ef737f4c2	mysql	docs/specs/baseline-information-schema-stats-expiry-system-variable/specs.md	packages/libmylite/tests/mysql_baseline_information_schema_stats_expiry_system_variable_expectations.sh	packages/libmylite/tests/runtime_information_schema_stats_expiry_system_variable_test.c	-	pr-native;nightly-mysql
claim-0102	7e752dcbe8eefacb	mysql	docs/specs/baseline-transaction-system-variables/specs.md	packages/libmylite/tests/mysql_baseline_transaction_system_variables_expectations.sh	packages/libmylite/tests/runtime_transaction_lifecycle_test.c	-	pr-native;nightly-mysql
claim-0103	c30e91ba5ad4f784	mysql	docs/specs/baseline-unique-checks-system-variable/specs.md	packages/libmylite/tests/mysql_baseline_unique_checks_system_variable_expectations.sh	packages/libmylite/tests/runtime_unique_checks_system_variable_test.c	-	pr-native;nightly-mysql
claim-0104	7ee0792fb02d7188	mysql	docs/specs/baseline-updatable-views-with-limit-system-variable/specs.md	packages/libmylite/tests/mysql_baseline_updatable_views_with_limit_system_variable_expectations.sh	packages/libmylite/tests/runtime_updatable_views_with_limit_system_variable_test.c	-	pr-native;nightly-mysql
claim-0105	f02bdfbd356d98f3	mysql	docs/specs/baseline-sql-auto-is-null-system-variable/specs.md	packages/libmylite/tests/mysql_baseline_sql_auto_is_null_system_variable_expectations.sh	packages/libmylite/tests/runtime_sql_auto_is_null_system_variable_test.c	-	pr-native;nightly-mysql
claim-0106	d6897c48a28cf7fa	mysql	docs/specs/baseline-sql-big-selects-system-variable/specs.md	packages/libmylite/tests/mysql_baseline_sql_big_selects_system_variable_expectations.sh	packages/libmylite/tests/runtime_sql_big_selects_system_variable_test.c	-	pr-native;nightly-mysql
claim-0107	e2e65d4bb2cff579	mysql	docs/specs/baseline-sql-buffer-result-system-variable/specs.md	packages/libmylite/tests/mysql_baseline_sql_buffer_result_system_variable_expectations.sh	packages/libmylite/tests/runtime_sql_buffer_result_system_variable_test.c	-	pr-native;nightly-mysql
claim-0108	e406427a478e511e	mysql	docs/specs/baseline-sql-generate-invisible-primary-key-system-variable/specs.md	packages/libmylite/tests/mysql_baseline_sql_generate_invisible_primary_key_system_variable_expectations.sh	packages/libmylite/tests/runtime_sql_generate_invisible_primary_key_system_variable_test.c	-	pr-native;nightly-mysql
claim-0109	16d7f418a58b3960	mysql	docs/specs/baseline-sql-log-bin-system-variable/specs.md	packages/libmylite/tests/mysql_baseline_sql_log_bin_system_variable_expectations.sh	packages/libmylite/tests/runtime_sql_log_bin_system_variable_test.c	-	pr-native;nightly-mysql
claim-0110	7e95a46d49195816	mysql	docs/specs/baseline-sql-log-off-system-variable/specs.md	packages/libmylite/tests/mysql_baseline_sql_log_off_system_variable_expectations.sh	packages/libmylite/tests/runtime_sql_log_off_system_variable_test.c	-	pr-native;nightly-mysql
claim-0111	56ad0c67415fa8fe	mysql	docs/specs/baseline-time-zone-system-variable/specs.md	packages/libmylite/tests/mysql_baseline_time_zone_system_variable_expectations.sh	packages/libmylite/tests/runtime_time_zone_system_variable_test.c	-	pr-native;nightly-mysql
claim-0112	267037a1116d4fd7	mysql	docs/specs/baseline-show-variables-where/specs.md	packages/libmylite/tests/mysql_baseline_show_variables_where_expectations.sh	packages/libmylite/tests/runtime_show_variables_test.c	-	pr-native;nightly-mysql
claim-0113	721a60cdbfc8446f	mysql	docs/specs/baseline-server-identity-binary-log-system-variables/specs.md	packages/libmylite/tests/mysql_baseline_server_identity_binary_log_system_variables_expectations.sh	packages/libmylite/tests/runtime_server_identity_binary_log_system_variables_test.c	-	pr-native;nightly-mysql
claim-0114	7c36ea2f53cdc387	mysql	docs/specs/baseline-binary-log-system-variables/specs.md	packages/libmylite/tests/mysql_baseline_binary_log_system_variables_expectations.sh	packages/libmylite/tests/runtime_binary_log_system_variables_test.c	-	pr-native;nightly-mysql
claim-0115	718c9ddc126fe943	mysql	docs/specs/baseline-bootstrap-system-variables/specs.md	packages/libmylite/tests/mysql_baseline_bootstrap_system_variables_expectations.sh	packages/libmylite/tests/runtime_bootstrap_system_variables_test.c	-	pr-native;nightly-mysql
claim-0116	805cce3217b92bc0	mysql	docs/specs/baseline-compatibility-system-variables/specs.md	packages/libmylite/tests/mysql_baseline_compatibility_system_variables_expectations.sh	packages/libmylite/tests/runtime_compatibility_system_variables_test.c	-	pr-native;nightly-mysql
claim-0117	7bb47e4ea6048fc5	mysql	docs/specs/baseline-optimizer-event-fulltext-system-variables/specs.md	packages/libmylite/tests/mysql_baseline_compatibility_system_variables_expectations.sh	packages/libmylite/tests/runtime_compatibility_system_variables_test.c	-	pr-native;nightly-mysql
claim-0118	5fab79387fe33306	mysql	docs/specs/baseline-gi-system-variables/specs.md	packages/libmylite/tests/mysql_baseline_compatibility_system_variables_expectations.sh	packages/libmylite/tests/runtime_compatibility_system_variables_test.c	-	pr-native;nightly-mysql
claim-0119	040c7c2223221c37	mysql	docs/specs/baseline-remaining-system-variables/specs.md	packages/libmylite/tests/mysql_baseline_remaining_system_variables_expectations.sh	packages/libmylite/tests/runtime_remaining_system_variables_test.c	-	pr-native;nightly-mysql
claim-0120	1d020550d6f924d6	mysql	docs/specs/baseline-jl-system-variables/specs.md	packages/libmylite/tests/mysql_baseline_jl_system_variables_expectations.sh	packages/libmylite/tests/runtime_jl_system_variables_test.c	-	pr-native;nightly-mysql
claim-0121	c65fe086d2a9151a	mysql	docs/specs/baseline-m-server-limit-system-variables/specs.md	packages/libmylite/tests/mysql_baseline_m_server_limit_system_variables_expectations.sh	packages/libmylite/tests/runtime_m_server_limit_system_variables_test.c	-	pr-native;nightly-mysql
claim-0122	8b52402bc2c84425	mysql	docs/specs/baseline-m-session-limit-system-variables/specs.md	packages/libmylite/tests/mysql_baseline_m_session_limit_system_variables_expectations.sh	packages/libmylite/tests/runtime_m_session_limit_system_variables_test.c	-	pr-native;nightly-mysql
claim-0123	18985dbd3f2374bc	mysql	docs/specs/baseline-myisam-system-variables/specs.md	packages/libmylite/tests/mysql_baseline_myisam_system_variables_expectations.sh	packages/libmylite/tests/runtime_myisam_system_variables_test.c	-	pr-native;nightly-mysql
claim-0124	09446ab13144bd9b	mysql	docs/specs/baseline-innodb-core-system-variables/specs.md	packages/libmylite/tests/mysql_baseline_innodb_core_system_variables_expectations.sh	packages/libmylite/tests/runtime_innodb_core_system_variables_test.c	-	pr-native;nightly-mysql
claim-0125	ad8f90b4d4960714	mysql	docs/specs/baseline-innodb-storage-system-variables/specs.md	packages/libmylite/tests/mysql_baseline_innodb_storage_system_variables_expectations.sh	packages/libmylite/tests/runtime_innodb_storage_system_variables_test.c	-	pr-native;nightly-mysql
claim-0126	cddcc9a2259c66cb	mysql	docs/specs/baseline-innodb-file-flush-system-variables/specs.md	packages/libmylite/tests/mysql_baseline_innodb_file_flush_system_variables_expectations.sh	packages/libmylite/tests/runtime_innodb_file_flush_system_variables_test.c	-	pr-native;nightly-mysql
claim-0127	3c754ce1cc2cdb76	mysql	docs/specs/baseline-innodb-fulltext-system-variables/specs.md	packages/libmylite/tests/mysql_baseline_innodb_fulltext_system_variables_expectations.sh	packages/libmylite/tests/runtime_innodb_fulltext_system_variables_test.c	-	pr-native;nightly-mysql
claim-0128	0c6827e90a0603de	mysql	docs/specs/baseline-innodb-io-log-system-variables/specs.md	packages/libmylite/tests/mysql_baseline_innodb_io_log_system_variables_expectations.sh	packages/libmylite/tests/runtime_innodb_io_log_system_variables_test.c	-	pr-native;nightly-mysql
claim-0129	bdeb82b6403e51d7	mysql	docs/specs/baseline-innodb-dirty-purge-system-variables/specs.md	packages/libmylite/tests/mysql_baseline_innodb_dirty_purge_system_variables_expectations.sh	packages/libmylite/tests/runtime_innodb_dirty_purge_system_variables_test.c	-	pr-native;nightly-mysql
claim-0130	61f455075ecd15d4	mysql	docs/specs/baseline-innodb-monitor-system-variables/specs.md	packages/libmylite/tests/mysql_baseline_innodb_monitor_system_variables_expectations.sh	packages/libmylite/tests/runtime_innodb_monitor_system_variables_test.c	-	pr-native;nightly-mysql
claim-0131	9476f046654fd1ad	mysql	docs/specs/baseline-innodb-page-read-purge-system-variables/specs.md	packages/libmylite/tests/mysql_baseline_innodb_page_read_purge_system_variables_expectations.sh	packages/libmylite/tests/runtime_innodb_page_read_purge_system_variables_test.c	-	pr-native;nightly-mysql
claim-0132	5fe739795e294c4c	mysql	docs/specs/baseline-innodb-redo-rollback-spin-system-variables/specs.md	packages/libmylite/tests/mysql_baseline_innodb_redo_rollback_spin_system_variables_expectations.sh	packages/libmylite/tests/runtime_innodb_redo_rollback_spin_system_variables_test.c	-	pr-native;nightly-mysql
claim-0133	ff20d0b956f9c6da	mysql	docs/specs/baseline-innodb-stats-status-thread-undo-system-variables/specs.md	packages/libmylite/tests/mysql_baseline_innodb_stats_status_thread_undo_system_variables_expectations.sh	packages/libmylite/tests/runtime_innodb_stats_status_thread_undo_system_variables_test.c	-	pr-native;nightly-mysql
claim-0134	8f8b3a60a5224e33	mysql	docs/specs/baseline-show-binary-log-metadata/specs.md	packages/libmylite/tests/mysql_baseline_show_binary_log_metadata_expectations.sh	packages/libmylite/tests/runtime_show_binary_log_metadata_test.c	-	pr-native;nightly-mysql
claim-0135	a919edcd93931ca9	mysql	docs/specs/baseline-show-binlog-events-options/specs.md	packages/libmylite/tests/mysql_baseline_show_binary_log_metadata_expectations.sh	packages/libmylite/tests/runtime_show_binary_log_metadata_test.c	-	pr-native;nightly-mysql
claim-0136	6533ef8af1cee1e9	mysql	docs/specs/baseline-show-replica-metadata/specs.md	packages/libmylite/tests/mysql_baseline_show_replica_metadata_expectations.sh	packages/libmylite/tests/runtime_show_replica_metadata_test.c	-	pr-native;nightly-mysql
claim-0137	d287565a61d56ab1	mysql	docs/specs/parser-corpus-admin-transaction-surfaces/specs.md	packages/libmylite/tests/mysql_parser_corpus_admin_transaction_surfaces_expectations.sh	packages/libmylite/tests/runtime_parser_corpus_admin_transaction_surfaces_test.c	-	pr-native;nightly-mysql
claim-0138	c002dafdf506a193	mysql	docs/specs/baseline-replication-functions/specs.md	packages/libmylite/tests/mysql_baseline_replication_functions_expectations.sh	packages/libmylite/tests/runtime_replication_functions_test.c	-	pr-native;nightly-mysql
claim-0139	2f6fe3bbc9454e8c	mysql	docs/specs/baseline-replication-global-system-variables/specs.md	packages/libmylite/tests/mysql_baseline_replication_global_system_variables_expectations.sh	packages/libmylite/tests/runtime_replication_global_system_variables_test.c	-	pr-native;nightly-mysql
claim-0140	a232bc566a94288d	mysql	docs/specs/baseline-replica-applier-system-variables/specs.md	packages/libmylite/tests/mysql_baseline_replica_applier_system_variables_expectations.sh	packages/libmylite/tests/runtime_replica_applier_system_variables_test.c	-	pr-native;nightly-mysql
claim-0141	f01715594c65290c	mysql	docs/specs/baseline-server-environment-system-variables/specs.md	packages/libmylite/tests/mysql_baseline_server_environment_system_variables_expectations.sh	packages/libmylite/tests/runtime_server_environment_system_variables_test.c	-	pr-native;nightly-mysql
claim-0142	8effafe019add50f	mysql	docs/specs/baseline-explicit-defaults-for-timestamp-system-variable/specs.md	packages/libmylite/tests/mysql_baseline_explicit_defaults_for_timestamp_system_variable_expectations.sh	packages/libmylite/tests/runtime_explicit_defaults_for_timestamp_system_variable_test.c	-	pr-native;nightly-mysql
claim-0143	99b28cff44773530	mysql	docs/specs/baseline-admin-listener-system-variables/specs.md	packages/libmylite/tests/mysql_baseline_admin_listener_system_variables_expectations.sh	packages/libmylite/tests/runtime_admin_listener_system_variables_test.c	-	pr-native;nightly-mysql
claim-0144	9eedce72c376a1b4	mysql	docs/specs/baseline-mysqlx-system-variables/specs.md	packages/libmylite/tests/mysql_baseline_mysqlx_system_variables_expectations.sh	packages/libmylite/tests/runtime_mysqlx_system_variables_test.c	-	pr-native;nightly-mysql
claim-0145	a5fd0038975a5094	mysql	docs/specs/baseline-server-tls-system-variables/specs.md	packages/libmylite/tests/mysql_baseline_server_tls_system_variables_expectations.sh	packages/libmylite/tests/runtime_server_tls_system_variables_test.c	-	pr-native;nightly-mysql
claim-0146	8b8d28d72acaaf8e	mysql	docs/specs/baseline-server-logging-system-variables/specs.md	packages/libmylite/tests/mysql_baseline_server_logging_system_variables_expectations.sh	packages/libmylite/tests/runtime_server_logging_system_variables_test.c	-	pr-native;nightly-mysql
claim-0147	871e4a6fd64168f2	mysql	docs/specs/baseline-session-tuning-system-variables/specs.md	packages/libmylite/tests/mysql_baseline_session_tuning_system_variables_expectations.sh	packages/libmylite/tests/runtime_session_tuning_system_variables_test.c	-	pr-native;nightly-mysql
claim-0148	6ff678349510227d	mysql	docs/specs/baseline-o-optimizer-system-variables/specs.md	packages/libmylite/tests/mysql_baseline_o_optimizer_system_variables_expectations.sh	packages/libmylite/tests/runtime_o_optimizer_system_variables_test.c	-	pr-native;nightly-mysql
claim-0149	3c72bf065660533b	mysql	docs/specs/baseline-server-capability-system-variables/specs.md	packages/libmylite/tests/mysql_baseline_server_capability_system_variables_expectations.sh	packages/libmylite/tests/runtime_server_capability_system_variables_test.c	-	pr-native;nightly-mysql
claim-0150	673b8aaf83bc8d4e	mysql	docs/specs/baseline-read-only-system-variables/specs.md	packages/libmylite/tests/mysql_baseline_read_only_system_variables_expectations.sh	packages/libmylite/tests/runtime_read_only_system_variables_test.c	-	pr-native;nightly-mysql
claim-0151	2158b501834b0375	mysql	docs/specs/baseline-lower-case-table-names-system-variable/specs.md	packages/libmylite/tests/mysql_baseline_lower_case_table_names_system_variable_expectations.sh	packages/libmylite/tests/runtime_set_fixed_system_variables_test.c	-	pr-native;nightly-mysql
claim-0152	503b6d2b40244d74	mysql	docs/specs/baseline-max-allowed-packet-system-variable/specs.md	packages/libmylite/tests/mysql_baseline_max_allowed_packet_system_variable_expectations.sh	packages/libmylite/tests/runtime_max_allowed_packet_system_variable_test.c	-	pr-native;nightly-mysql
claim-0153	c6ae445b81d7b58d	mysql	docs/specs/baseline-timeout-system-variables/specs.md	packages/libmylite/tests/mysql_baseline_timeout_system_variables_expectations.sh	packages/libmylite/tests/runtime_timeout_system_variables_test.c	-	pr-native;nightly-mysql
claim-0154	e10126cb901af0a7	mysql	docs/specs/baseline-network-timeout-system-variables/specs.md	packages/libmylite/tests/mysql_baseline_network_timeout_system_variables_expectations.sh	packages/libmylite/tests/runtime_network_timeout_system_variables_test.c	-	pr-native;nightly-mysql
claim-0155	b813e261dbffa845	mysql	docs/specs/baseline-connection-system-variables/specs.md	packages/libmylite/tests/mysql_baseline_connection_system_variables_expectations.sh	packages/libmylite/tests/runtime_connection_system_variables_test.c	-	pr-native;nightly-mysql
claim-0156	837b9ac66aa80831	mysql	docs/specs/baseline-sql-require-primary-key-ddl/specs.md	packages/libmylite/tests/mysql_baseline_sql_require_primary_key_ddl_expectations.sh	packages/libmylite/tests/runtime_sql_require_primary_key_system_variable_test.c	-	pr-native;nightly-mysql
claim-0157	26c3128efde71f82	mysql	docs/specs/baseline-sql-replica-skip-counter-system-variable/specs.md	packages/libmylite/tests/mysql_baseline_sql_replica_skip_counter_system_variable_expectations.sh	packages/libmylite/tests/runtime_sql_replica_skip_counter_system_variable_test.c	-	pr-native;nightly-mysql
claim-0158	29295fbd5a4178e5	mysql	docs/specs/baseline-sql-slave-skip-counter-system-variable/specs.md	packages/libmylite/tests/mysql_baseline_sql_slave_skip_counter_system_variable_expectations.sh	packages/libmylite/tests/runtime_sql_slave_skip_counter_system_variable_test.c	-	pr-native;nightly-mysql
claim-0159	1970502542eb23b8	mysql	docs/specs/baseline-sql-replica-skip-counter-system-variable/specs.md	packages/libmylite/tests/mysql_baseline_sql_replica_skip_counter_system_variable_expectations.sh	packages/libmylite/tests/runtime_sql_replica_skip_counter_system_variable_test.c	-	pr-native;nightly-mysql
claim-0160	53bb41a479c9f9cc	mysql	docs/specs/baseline-sql-safe-updates-system-variable/specs.md	packages/libmylite/tests/mysql_baseline_sql_safe_updates_system_variable_expectations.sh	packages/libmylite/tests/runtime_sql_safe_updates_system_variable_test.c	-	pr-native;nightly-mysql
claim-0161	165ede428a36e5ff	mysql	docs/specs/baseline-mutable-sql-select-limit/specs.md	packages/libmylite/tests/mysql_baseline_sql_select_limit_system_variable_expectations.sh	packages/libmylite/tests/runtime_sql_select_limit_system_variable_test.c	-	pr-native;nightly-mysql
claim-0162	0f4aefdb0056b554	mysql	docs/specs/baseline-sql-notes-system-variable/specs.md	packages/libmylite/tests/mysql_baseline_sql_notes_system_variable_expectations.sh	packages/libmylite/tests/runtime_sql_notes_system_variable_test.c	-	pr-native;nightly-mysql
claim-0163	17210e108269ede7	mysql	docs/specs/baseline-sql-warnings-system-variable/specs.md	packages/libmylite/tests/mysql_baseline_sql_warnings_system_variable_expectations.sh	packages/libmylite/tests/runtime_sql_warnings_system_variable_test.c	-	pr-native;nightly-mysql
claim-0164	6e997dd540bbd00a	mysql	docs/specs/baseline-information-schema-stats-expiry-system-variable/specs.md	packages/libmylite/tests/mysql_baseline_information_schema_stats_expiry_system_variable_expectations.sh	packages/libmylite/tests/runtime_information_schema_stats_expiry_system_variable_test.c	-	pr-native;nightly-mysql
claim-0165	625ff109b7701919	mysql	docs/specs/baseline-performance-schema-system-variables/specs.md	packages/libmylite/tests/mysql_baseline_performance_schema_system_variables_expectations.sh	packages/libmylite/tests/runtime_performance_schema_system_variables_test.c	-	pr-native;nightly-mysql
claim-0166	9c2fbedd0fecdc2c	mysql	docs/specs/baseline-global-resource-system-variables/specs.md	packages/libmylite/tests/mysql_baseline_global_resource_system_variables_expectations.sh	packages/libmylite/tests/runtime_global_resource_system_variables_test.c	-	pr-native;nightly-mysql
claim-0167	75305db39aaf86df	mysql	docs/specs/baseline-internal-session-system-variables/specs.md	packages/libmylite/tests/mysql_baseline_internal_session_system_variables_expectations.sh	packages/libmylite/tests/runtime_internal_session_system_variables_test.c	-	pr-native;nightly-mysql
claim-0168	129f2b390ddc8923	mysql	docs/specs/baseline-resource-tuning-system-variables/specs.md	packages/libmylite/tests/mysql_baseline_resource_tuning_system_variables_expectations.sh	packages/libmylite/tests/runtime_resource_tuning_system_variables_test.c	-	pr-native;nightly-mysql
claim-0169	2dc6f424449d2209	mysql	docs/specs/baseline-sql-generate-invisible-primary-key-system-variable/specs.md	packages/libmylite/tests/mysql_baseline_sql_generate_invisible_primary_key_system_variable_expectations.sh	packages/libmylite/tests/runtime_sql_generate_invisible_primary_key_system_variable_test.c	-	pr-native;nightly-mysql
claim-0170	b4ed18c61bc6ee88	mysql	docs/specs/baseline-diagnostics-code-order/specs.md	packages/libmylite/tests/mysql_baseline_diagnostics_code_order_expectations.sh	packages/libmylite/tests/runtime_diagnostics_code_order_test.c	-	pr-native;nightly-mysql
claim-0171	f2d9a6b90c125a2c	mysql	docs/specs/baseline-max-error-count-system-variable/specs.md	packages/libmylite/tests/mysql_baseline_max_error_count_system_variable_expectations.sh	packages/libmylite/tests/runtime_max_error_count_system_variable_test.c	-	pr-native;nightly-mysql
claim-0172	9413514cde6b4611	mysql	docs/specs/baseline-max-error-count-system-variable/specs.md	packages/libmylite/tests/mysql_baseline_max_error_count_system_variable_expectations.sh	packages/libmylite/tests/runtime_max_error_count_system_variable_test.c	-	pr-native;nightly-mysql
claim-0173	df9833d181c74530	mysql	docs/specs/baseline-scalar-result-column-metadata/specs.md	packages/libmylite/tests/mysql_baseline_scalar_result_column_metadata_expectations.sh	packages/libmylite/tests/runtime_result_column_metadata_test.c	-	pr-native;nightly-mysql
claim-0174	573d71b2e4c0b298	mysql	docs/specs/baseline-show-engine-status/specs.md	packages/libmylite/tests/mysql_baseline_show_engine_status_expectations.sh	packages/libmylite/tests/runtime_innodb_engine_surface_test.c	-	pr-native;nightly-mysql
claim-0175	86a7e86040654f34	mysql	docs/specs/baseline-show-engine-status/specs.md	packages/libmylite/tests/mysql_baseline_show_engine_status_expectations.sh	packages/libmylite/tests/runtime_innodb_engine_surface_test.c	-	pr-native;nightly-mysql
claim-0176	b20ac93b3ee62246	mysql	docs/specs/baseline-innodb-engine-surface/specs.md	packages/libmylite/tests/mysql_baseline_innodb_engine_surface_expectations.sh	packages/libmylite/tests/runtime_innodb_engine_surface_test.c	-	pr-native;nightly-mysql
claim-0177	eada5e3098dc9661	mysql	docs/specs/baseline-show-relaylog-events/specs.md	packages/libmylite/tests/mysql_baseline_show_replica_metadata_expectations.sh	packages/libmylite/tests/runtime_show_replica_metadata_test.c	-	pr-native;nightly-mysql
claim-0178	98081fc450a596e0	mysql	docs/specs/baseline-schema-default-charset-collation/specs.md	packages/libmylite/tests/mysql_baseline_schema_default_charset_collation_expectations.sh	packages/libmylite/tests/runtime_schema_default_charset_collation_test.c	-	pr-native;nightly-mysql
claim-0179	6c4eb368ad0ae2b6	mysql	docs/specs/baseline-table-ddl-option-composition/specs.md	packages/libmylite/tests/mysql_baseline_table_ddl_option_composition_expectations.sh	packages/libmylite/tests/parser_ddl_table_test.c	-	pr-native;nightly-mysql
claim-0180	fb31a4ddd678a68a	mysql	docs/specs/parser-corpus-ddl-constraint-option-placeholders/specs.md	packages/libmylite/tests/mysql_parser_corpus_ddl_constraint_option_placeholders_expectations.sh	packages/libmylite/tests/parser_corpus_ddl_constraint_option_placeholders_test.c	-	pr-native;nightly-mysql
claim-0181	e3e094f5b310d05b	mysql	docs/specs/baseline-create-table-select-lifecycle/specs.md	packages/libmylite/tests/mysql_baseline_create_table_select_lifecycle_expectations.sh	packages/libmylite/tests/runtime_create_table_select_lifecycle_test.c	-	pr-native;nightly-mysql
claim-0182	2ff606c598fc9cff	mysql	docs/specs/baseline-key-aware-alter-change-modify/specs.md	packages/libmylite/tests/mysql_baseline_key_aware_alter_change_modify_expectations.sh	packages/libmylite/tests/runtime_alter_table_change_column_lifecycle_test.c	-	pr-native;nightly-mysql
claim-0183	1856c47297859068	mysql	docs/specs/baseline-alter-table-default-charset-collation/specs.md	packages/libmylite/tests/mysql_baseline_alter_table_default_charset_collation_expectations.sh	packages/libmylite/tests/runtime_alter_table_default_charset_collation_test.c	-	pr-native;nightly-mysql
claim-0184	c400548717fcc85f	mysql	docs/specs/baseline-secondary-index-lifecycle/specs.md	packages/libmylite/tests/mysql_baseline_secondary_index_lifecycle_expectations.sh	packages/libmylite/tests/runtime_secondary_index_lifecycle_test.c	-	pr-native;nightly-mysql
claim-0185	1511842983c90f51	mysql	docs/specs/baseline-alter-check-constraint-lifecycle/specs.md	packages/libmylite/tests/mysql_baseline_alter_check_constraint_lifecycle_expectations.sh	packages/libmylite/tests/runtime_alter_check_constraint_lifecycle_test.c	-	pr-native;nightly-mysql
claim-0186	8419fb69b62f4bbe	mysql	docs/specs/baseline-foreign-key-set-null-actions/specs.md	packages/libmylite/tests/mysql_baseline_foreign_key_set_null_actions_expectations.sh	packages/libmylite/tests/runtime_foreign_key_checks_system_variable_test.c	-	pr-native;nightly-mysql
claim-0187	545d5eeaa2d638fa	mysql	docs/specs/baseline-functional-multivalued-index-diagnostics/specs.md	packages/libmylite/tests/mysql_baseline_functional_multivalued_index_expectations.sh	packages/libmylite/tests/runtime_functional_multivalued_index_diagnostics_test.c	-	pr-native;nightly-mysql
claim-0188	d35f9838b4d07349	mysql	docs/specs/baseline-spatial-measure-accessor-functions/specs.md	packages/libmylite/tests/mysql_baseline_spatial_measure_accessor_functions_expectations.sh	packages/libmylite/tests/runtime_spatial_measure_accessor_functions_test.c	-	pr-native;nightly-mysql
claim-0189	864c2638bfa8b2ad	mysql	docs/specs/baseline-spatial-distance-sphere-functions/specs.md	packages/libmylite/tests/mysql_baseline_spatial_measure_accessor_functions_expectations.sh	packages/libmylite/tests/runtime_spatial_measure_accessor_functions_test.c	-	pr-native;nightly-mysql
claim-0190	9f2834e708b2f7c5	mysql	docs/specs/baseline-spatial-collect-aggregate/specs.md	packages/libmylite/tests/mysql_baseline_spatial_collect_aggregate_expectations.sh	packages/libmylite/tests/runtime_spatial_collect_aggregate_test.c	-	pr-native;nightly-mysql
claim-0191	90011536749534dd	mysql	docs/specs/baseline-spatial-centroid-function/specs.md	packages/libmylite/tests/mysql_baseline_spatial_measure_accessor_functions_expectations.sh	packages/libmylite/tests/runtime_spatial_measure_accessor_functions_test.c	-	pr-native;nightly-mysql
claim-0192	b1e82466927706fe	mysql	docs/specs/baseline-spatial-convex-hull-function/specs.md	packages/libmylite/tests/mysql_baseline_spatial_measure_accessor_functions_expectations.sh	packages/libmylite/tests/runtime_spatial_measure_accessor_functions_test.c	-	pr-native;nightly-mysql
claim-0193	124fbcfa39591c13	mysql	docs/specs/baseline-spatial-discrete-distance-functions/specs.md	packages/libmylite/tests/mysql_baseline_spatial_measure_accessor_functions_expectations.sh	packages/libmylite/tests/runtime_spatial_measure_accessor_functions_test.c	-	pr-native;nightly-mysql
claim-0194	5458162ff72769d9	mysql	docs/specs/baseline-spatial-linestring-interpolation-functions/specs.md	packages/libmylite/tests/mysql_baseline_spatial_measure_accessor_functions_expectations.sh	packages/libmylite/tests/runtime_spatial_measure_accessor_functions_test.c	-	pr-native;nightly-mysql
claim-0195	c7554b001dd3e878	mysql	docs/specs/baseline-spatial-simplify-function/specs.md	packages/libmylite/tests/mysql_baseline_spatial_simplify_function_expectations.sh	packages/libmylite/tests/runtime_spatial_simplify_function_test.c	-	pr-native;nightly-mysql
claim-0196	5985408ed71afbd5	mysql	docs/specs/baseline-spatial-simplicity-function/specs.md	packages/libmylite/tests/mysql_baseline_spatial_simplicity_function_expectations.sh	packages/libmylite/tests/runtime_spatial_simplicity_function_test.c	-	pr-native;nightly-mysql
claim-0197	1e9da805e47ec352	mysql	docs/specs/baseline-spatial-validity-functions/specs.md	packages/libmylite/tests/mysql_baseline_spatial_validity_functions_expectations.sh	packages/libmylite/tests/runtime_spatial_validity_functions_test.c	-	pr-native;nightly-mysql
claim-0198	050e075c7c084c3e	mysql	docs/specs/baseline-spatial-disjoint-intersects-functions/specs.md	packages/libmylite/tests/mysql_baseline_spatial_disjoint_intersects_functions_expectations.sh	packages/libmylite/tests/runtime_spatial_disjoint_intersects_functions_test.c	-	pr-native;nightly-mysql
claim-0199	dbb8318df8c14566	mysql	docs/specs/baseline-spatial-contains-within-functions/specs.md	packages/libmylite/tests/mysql_baseline_spatial_contains_within_functions_expectations.sh	packages/libmylite/tests/runtime_spatial_contains_within_functions_test.c	-	pr-native;nightly-mysql
claim-0200	f00646c291ec94a7	mysql	docs/specs/baseline-spatial-equals-function/specs.md	packages/libmylite/tests/mysql_baseline_spatial_equals_function_expectations.sh	packages/libmylite/tests/runtime_spatial_equals_function_test.c	-	pr-native;nightly-mysql
claim-0201	4d66c05e7f3c7ed7	mysql	docs/specs/baseline-spatial-touches-function/specs.md	packages/libmylite/tests/mysql_baseline_spatial_touches_function_expectations.sh	packages/libmylite/tests/runtime_spatial_touches_function_test.c	-	pr-native;nightly-mysql
claim-0202	5566eb393e4bcc74	mysql	docs/specs/baseline-spatial-crosses-function/specs.md	packages/libmylite/tests/mysql_baseline_spatial_crosses_function_expectations.sh	packages/libmylite/tests/runtime_spatial_crosses_function_test.c	-	pr-native;nightly-mysql
claim-0203	9e11974a3d2621ad	mysql	docs/specs/baseline-spatial-overlaps-function/specs.md	packages/libmylite/tests/mysql_baseline_spatial_overlaps_function_expectations.sh	packages/libmylite/tests/runtime_spatial_overlaps_function_test.c	-	pr-native;nightly-mysql
claim-0204	61b4ae608dbf3457	mysql	docs/specs/baseline-integer-default-literals/specs.md	packages/libmylite/tests/mysql_baseline_integer_default_literals_expectations.sh	packages/libmylite/tests/runtime_integer_default_literals_test.c	-	pr-native;nightly-mysql
claim-0205	d576c82b37fb2fc3	mysql	docs/specs/baseline-zero-temporal-sql-modes/specs.md	packages/libmylite/tests/mysql_baseline_zero_temporal_sql_modes_expectations.sh	packages/libmylite/tests/runtime_zero_temporal_sql_modes_test.c	-	pr-native;nightly-mysql
claim-0206	1547290282d74420	mysql	docs/specs/baseline-binary-string-defaults/specs.md	packages/libmylite/tests/mysql_baseline_binary_string_defaults_expectations.sh	packages/libmylite/tests/runtime_binary_string_types_test.c	-	pr-native;nightly-mysql
claim-0207	2ffafd733475e1de	mysql	docs/specs/baseline-json-type/specs.md	packages/libmylite/tests/mysql_baseline_enum_type_expectations.sh	packages/libmylite/tests/runtime_json_type_test.c	-	pr-native;nightly-mysql
claim-0208	2281182bffc5cec4	mysql	docs/specs/baseline-information-schema-collation-character-set-applicability/specs.md	packages/libmylite/tests/mysql_baseline_information_schema_collation_applicability_expectations.sh	packages/libmylite/tests/runtime_show_character_set_collation_test.c	-	pr-native;nightly-mysql
claim-0209	106adf59cf802ddf	mysql	docs/specs/baseline-character-set-system-variables/specs.md	packages/libmylite/tests/mysql_baseline_character_set_system_variables_expectations.sh	packages/libmylite/tests/runtime_character_set_system_variables_test.c	-	pr-native;nightly-mysql
claim-0210	d299f4d9b45ff986	mysql	docs/specs/baseline-column-charset-collation-attributes/specs.md	packages/libmylite/tests/mysql_baseline_column_charset_collation_attributes_expectations.sh	packages/libmylite/tests/runtime_column_charset_collation_attributes_test.c	-	pr-native;nightly-mysql
claim-0211	af84b2bf398cfcf7	mysql	docs/specs/baseline-utf8mb4-0900-bin-collation/specs.md	packages/libmylite/tests/mysql_baseline_utf8mb4_0900_bin_collation_expectations.sh	packages/libmylite/tests/runtime_charset_collation_functions_test.c	-	pr-native;nightly-mysql
claim-0212	b200bc51f315f4f9	mysql	docs/specs/parser-corpus-variable-value-surfaces/specs.md	packages/libmylite/tests/mysql_parser_corpus_variable_value_surfaces_expectations.sh	packages/libmylite/tests/runtime_parser_corpus_variable_value_surfaces_test.c	-	pr-native;nightly-mysql
claim-0213	f2ddbd1745012598	mysql	docs/specs/baseline-sql-mode-session-state/specs.md	packages/libmylite/tests/mysql_baseline_sql_mode_session_state_expectations.sh	packages/libmylite/tests/runtime_sql_mode_system_variable_test.c	-	pr-native;nightly-mysql
claim-0214	2a02e8d1f2027ec1	mysql	docs/specs/baseline-row-bitwise-expressions/specs.md	packages/libmylite/tests/mysql_baseline_row_bitwise_expressions_expectations.sh	packages/libmylite/tests/runtime_row_bitwise_expressions_test.c	-	pr-native;nightly-mysql
claim-0215	c453b8d2b9cc9cb6	mysql	docs/specs/baseline-literal-left-string-comparison-predicates/specs.md	packages/libmylite/tests/mysql_baseline_where_and_predicates_expectations.sh	packages/libmylite/tests/runtime_where_and_predicates_test.c	-	pr-native;nightly-mysql
claim-0216	46554a1e11887468	mysql	docs/specs/baseline-row-bitwise-expressions/specs.md	packages/libmylite/tests/mysql_baseline_row_bitwise_expressions_expectations.sh	packages/libmylite/tests/runtime_row_bitwise_expressions_test.c	-	pr-native;nightly-mysql
claim-0217	3e6fd17b08096274	mysql	docs/specs/baseline-literal-left-string-comparison-predicates/specs.md	packages/libmylite/tests/mysql_baseline_where_and_predicates_expectations.sh	packages/libmylite/tests/runtime_where_and_predicates_test.c	-	pr-native;nightly-mysql
claim-0218	0d0398427a690245	mysql	docs/specs/baseline-literal-left-string-comparison-predicates/specs.md	packages/libmylite/tests/mysql_baseline_where_and_predicates_expectations.sh	packages/libmylite/tests/runtime_where_and_predicates_test.c	-	pr-native;nightly-mysql
claim-0219	58b2a0ac9bf7cedc	mysql	docs/specs/baseline-literal-left-string-comparison-predicates/specs.md	packages/libmylite/tests/mysql_baseline_where_and_predicates_expectations.sh	packages/libmylite/tests/runtime_where_and_predicates_test.c	-	pr-native;nightly-mysql
claim-0220	e6300270b0f22ddf	mysql	docs/specs/baseline-row-bitwise-expressions/specs.md	packages/libmylite/tests/mysql_baseline_row_bitwise_expressions_expectations.sh	packages/libmylite/tests/runtime_row_bitwise_expressions_test.c	-	pr-native;nightly-mysql
claim-0221	6ed7a213122422ad	mysql	docs/specs/baseline-literal-left-string-comparison-predicates/specs.md	packages/libmylite/tests/mysql_baseline_where_and_predicates_expectations.sh	packages/libmylite/tests/runtime_where_and_predicates_test.c	-	pr-native;nightly-mysql
claim-0222	00c0cf6d9cdd0581	mysql	docs/specs/baseline-literal-left-string-comparison-predicates/specs.md	packages/libmylite/tests/mysql_baseline_where_and_predicates_expectations.sh	packages/libmylite/tests/runtime_where_and_predicates_test.c	-	pr-native;nightly-mysql
claim-0223	bce2c5b529cfb3ec	mysql	docs/specs/baseline-row-arithmetic-predicates/specs.md	packages/libmylite/tests/mysql_baseline_where_and_predicates_expectations.sh	packages/libmylite/tests/runtime_where_and_predicates_test.c	-	pr-native;nightly-mysql
claim-0224	d3b8a786ffebd5b9	mysql	docs/specs/baseline-row-arithmetic-predicates/specs.md	packages/libmylite/tests/mysql_baseline_where_and_predicates_expectations.sh	packages/libmylite/tests/runtime_where_and_predicates_test.c	-	pr-native;nightly-mysql
claim-0225	017dfd8af820f3d7	mysql	docs/specs/baseline-row-arithmetic-predicates/specs.md	packages/libmylite/tests/mysql_baseline_where_and_predicates_expectations.sh	packages/libmylite/tests/runtime_where_and_predicates_test.c	-	pr-native;nightly-mysql
claim-0226	206096029fbdce86	mysql	docs/specs/baseline-row-arithmetic-predicates/specs.md	packages/libmylite/tests/mysql_baseline_where_and_predicates_expectations.sh	packages/libmylite/tests/runtime_where_and_predicates_test.c	-	pr-native;nightly-mysql
claim-0227	d66b98decae619a1	mysql	docs/specs/baseline-scalar-unary-arithmetic-projection/specs.md	packages/libmylite/tests/mysql_baseline_scalar_unary_arithmetic_projection_expectations.sh	packages/libmylite/tests/runtime_scalar_expression_projection_test.c	-	pr-native;nightly-mysql
claim-0228	86bca9cda17c74f9	mysql	docs/specs/baseline-row-arithmetic-predicates/specs.md	packages/libmylite/tests/mysql_baseline_where_and_predicates_expectations.sh	packages/libmylite/tests/runtime_where_and_predicates_test.c	-	pr-native;nightly-mysql
claim-0229	1c39a7f65a8b525b	mysql	docs/specs/baseline-user-variable-assignment-expressions/specs.md	packages/libmylite/tests/mysql_baseline_user_variables_expectations.sh	packages/libmylite/tests/runtime_user_variables_test.c	-	pr-native;nightly-mysql
claim-0230	610176f43ad29e29	mysql	docs/specs/baseline-update-constant-arithmetic-assignment/specs.md	packages/libmylite/tests/mysql_baseline_update_constant_arithmetic_assignment_expectations.sh	packages/libmylite/tests/runtime_update_arithmetic_assignment_test.c	-	pr-native;nightly-mysql
claim-0231	518c8ff0b6d4f3a9	mysql	docs/specs/baseline-literal-left-string-comparison-predicates/specs.md	packages/libmylite/tests/mysql_baseline_where_and_predicates_expectations.sh	packages/libmylite/tests/runtime_where_and_predicates_test.c	-	pr-native;nightly-mysql
claim-0232	b00592b8f6cf63f2	mysql	docs/specs/baseline-row-bitwise-expressions/specs.md	packages/libmylite/tests/mysql_baseline_row_bitwise_expressions_expectations.sh	packages/libmylite/tests/runtime_row_bitwise_expressions_test.c	-	pr-native;nightly-mysql
claim-0233	3450af175091250a	mysql	docs/specs/baseline-abs-function/specs.md	packages/libmylite/tests/mysql_baseline_abs_function_expectations.sh	packages/libmylite/tests/runtime_abs_function_test.c	-	pr-native;nightly-mysql
claim-0234	e183bf888d13ee44	mysql	docs/specs/baseline-sign-function/specs.md	packages/libmylite/tests/mysql_baseline_sign_function_expectations.sh	packages/libmylite/tests/runtime_sign_function_test.c	-	pr-native;nightly-mysql
claim-0235	dfb0a31bd2b83524	mysql	docs/specs/baseline-ceil-floor-functions/specs.md	packages/libmylite/tests/mysql_baseline_ceil_floor_functions_expectations.sh	packages/libmylite/tests/runtime_ceil_floor_functions_test.c	-	pr-native;nightly-mysql
claim-0236	a5eb881d51e32e5d	mysql	docs/specs/baseline-ceil-floor-functions/specs.md	packages/libmylite/tests/mysql_baseline_ceil_floor_functions_expectations.sh	packages/libmylite/tests/runtime_ceil_floor_functions_test.c	-	pr-native;nightly-mysql
claim-0237	a4cdf05d0db5470b	mysql	docs/specs/baseline-ceil-floor-functions/specs.md	packages/libmylite/tests/mysql_baseline_ceil_floor_functions_expectations.sh	packages/libmylite/tests/runtime_ceil_floor_functions_test.c	-	pr-native;nightly-mysql
claim-0238	45b200cb89973952	mysql	docs/specs/baseline-round-places-function/specs.md	packages/libmylite/tests/mysql_baseline_round_function_expectations.sh	packages/libmylite/tests/runtime_round_function_test.c	-	pr-native;nightly-mysql
claim-0239	d2a86d8dc73dd1fd	mysql	docs/specs/baseline-row-base-conversion-functions/specs.md	packages/libmylite/tests/mysql_baseline_bin_oct_functions_expectations.sh	packages/libmylite/tests/runtime_bin_oct_functions_test.c	-	pr-native;nightly-mysql
claim-0240	71c9e3cc02d6fd56	mysql	docs/specs/baseline-row-base-conversion-functions/specs.md	packages/libmylite/tests/mysql_baseline_bin_oct_functions_expectations.sh	packages/libmylite/tests/runtime_bin_oct_functions_test.c	-	pr-native;nightly-mysql
claim-0241	5551bd67423c7cec	mysql	docs/specs/baseline-row-base-conversion-functions/specs.md	packages/libmylite/tests/mysql_baseline_conv_function_expectations.sh	packages/libmylite/tests/runtime_conv_function_test.c	-	pr-native;nightly-mysql
claim-0242	add505ce8a042b1b	mysql	docs/specs/baseline-row-numeric-extra-functions/specs.md	packages/libmylite/tests/mysql_baseline_numeric_format_truncate_crc32_expectations.sh	packages/libmylite/tests/runtime_numeric_format_truncate_crc32_test.c	-	pr-native;nightly-mysql
claim-0243	6057163b011b4b43	mysql	docs/specs/baseline-sqrt-function/specs.md	packages/libmylite/tests/mysql_baseline_sqrt_function_expectations.sh	packages/libmylite/tests/runtime_sqrt_function_test.c	-	pr-native;nightly-mysql
claim-0244	8d1493d521725cd9	mysql	docs/specs/baseline-acos-asin-functions/specs.md	packages/libmylite/tests/mysql_baseline_acos_asin_functions_expectations.sh	packages/libmylite/tests/runtime_acos_asin_functions_test.c	-	pr-native;nightly-mysql
claim-0245	189f82ba7ac7b969	mysql	docs/specs/baseline-acos-asin-functions/specs.md	packages/libmylite/tests/mysql_baseline_acos_asin_functions_expectations.sh	packages/libmylite/tests/runtime_acos_asin_functions_test.c	-	pr-native;nightly-mysql
claim-0246	cf2b7d9bd47d85fb	mysql	docs/specs/baseline-atan-functions/specs.md	packages/libmylite/tests/mysql_baseline_atan_functions_expectations.sh	packages/libmylite/tests/runtime_atan_functions_test.c	-	pr-native;nightly-mysql
claim-0247	ee7b37a30f9aa72e	mysql	docs/specs/baseline-degrees-radians-functions/specs.md	packages/libmylite/tests/mysql_baseline_degrees_radians_functions_expectations.sh	packages/libmylite/tests/runtime_degrees_radians_functions_test.c	-	pr-native;nightly-mysql
claim-0248	1eae8fa57bb8be75	mysql	docs/specs/baseline-degrees-radians-functions/specs.md	packages/libmylite/tests/mysql_baseline_degrees_radians_functions_expectations.sh	packages/libmylite/tests/runtime_degrees_radians_functions_test.c	-	pr-native;nightly-mysql
claim-0249	75f0c8af93877afa	mysql	docs/specs/baseline-tableless-select-scalar-where-expressions/specs.md	packages/libmylite/tests/mysql_baseline_insert_select_dual_scalar_where_expectations.sh	packages/libmylite/tests/runtime_select_row_scalar_predicates_test.c	-	pr-native;nightly-mysql
claim-0250	f36bab00f5665432	mysql	docs/specs/baseline-tableless-select-scalar-where-expressions/specs.md	packages/libmylite/tests/mysql_baseline_insert_select_dual_scalar_where_expectations.sh	packages/libmylite/tests/runtime_select_row_scalar_predicates_test.c	-	pr-native;nightly-mysql
claim-0251	7a6a0b984f0b6ac6	mysql	docs/specs/baseline-cast-binary/specs.md	packages/libmylite/tests/mysql_baseline_cast_binary_expectations.sh	packages/libmylite/tests/runtime_row_cast_convert_projection_test.c	-	pr-native;nightly-mysql
claim-0252	e3576f549273c6ea	mysql	docs/specs/drupal-entity-kernel-compatibility/specs.md	packages/libmylite/tests/mysql_drupal_entity_kernel_compatibility_expectations.sh	packages/libmylite/tests/runtime_case_operator_test.c	-	pr-native;nightly-mysql
claim-0253	059e32d115c5aaf1	mysql	docs/specs/baseline-row-arithmetic-predicates/specs.md	packages/libmylite/tests/mysql_baseline_where_and_predicates_expectations.sh	packages/libmylite/tests/runtime_where_and_predicates_test.c	-	pr-native;nightly-mysql
claim-0254	892842f4a6a63973	mysql	docs/specs/baseline-exists-subquery-predicates/specs.md	packages/libmylite/tests/mysql_baseline_exists_subquery_predicates_expectations.sh	packages/libmylite/tests/runtime_exists_subquery_predicates_test.c	-	pr-native;nightly-mysql
claim-0255	768cf962c7cb8fb5	mysql	docs/specs/baseline-update-subquery-predicates/specs.md	packages/libmylite/tests/mysql_baseline_update_subquery_predicates_expectations.sh	packages/libmylite/tests/runtime_update_subquery_predicates_test.c	-	pr-native;nightly-mysql
claim-0256	f24791902caba578	mysql	docs/specs/baseline-quantified-subquery-predicates/specs.md	packages/libmylite/tests/mysql_baseline_quantified_subquery_predicates_expectations.sh	packages/libmylite/tests/runtime_quantified_subquery_predicates_test.c	-	pr-native;nightly-mysql
claim-0257	b150b94736a13b1b	mysql	docs/specs/baseline-row-arithmetic-predicates/specs.md	packages/libmylite/tests/mysql_baseline_where_and_predicates_expectations.sh	packages/libmylite/tests/runtime_where_and_predicates_test.c	-	pr-native;nightly-mysql
claim-0258	2ea2b55f663a8405	mysql	docs/specs/baseline-row-arithmetic-predicates/specs.md	packages/libmylite/tests/mysql_baseline_where_and_predicates_expectations.sh	packages/libmylite/tests/runtime_where_and_predicates_test.c	-	pr-native;nightly-mysql
claim-0259	2f330de024296682	mysql	docs/specs/baseline-comparison-result-is-predicates/specs.md	packages/libmylite/tests/mysql_parser_corpus_query_expression_clause_surfaces_expectations.sh	packages/libmylite/tests/runtime_parser_corpus_query_expression_clause_surfaces_test.c	-	pr-native;nightly-mysql
claim-0260	0a5b79756ed6b79a	mysql	docs/specs/baseline-comparison-result-is-predicates/specs.md	packages/libmylite/tests/mysql_parser_corpus_query_expression_clause_surfaces_expectations.sh	packages/libmylite/tests/runtime_parser_corpus_query_expression_clause_surfaces_test.c	-	pr-native;nightly-mysql
claim-0261	25fb785dcc8f4db5	mysql	docs/specs/baseline-expression-collate-predicates/specs.md	packages/libmylite/tests/mysql_baseline_expression_collate_predicates_expectations.sh	packages/libmylite/tests/runtime_expression_collate_predicates_test.c	-	pr-native;nightly-mysql
claim-0262	fa0c49fa1259c2b6	mysql	docs/specs/baseline-tableless-select-scalar-where-expressions/specs.md	packages/libmylite/tests/mysql_baseline_insert_select_dual_scalar_where_expectations.sh	packages/libmylite/tests/runtime_select_row_scalar_predicates_test.c	-	pr-native;nightly-mysql
claim-0263	629b77c81ea8b426	mysql	docs/specs/baseline-tableless-select-scalar-where-expressions/specs.md	packages/libmylite/tests/mysql_baseline_insert_select_dual_scalar_where_expectations.sh	packages/libmylite/tests/runtime_select_row_scalar_predicates_test.c	-	pr-native;nightly-mysql
claim-0264	9ac2b5eb205acc83	mysql	docs/specs/baseline-exists-subquery-predicates/specs.md	packages/libmylite/tests/mysql_baseline_exists_subquery_predicates_expectations.sh	packages/libmylite/tests/runtime_exists_subquery_predicates_test.c	-	pr-native;nightly-mysql
claim-0265	d5576b42703e9392	mysql	docs/specs/baseline-update-subquery-predicates/specs.md	packages/libmylite/tests/mysql_baseline_update_subquery_predicates_expectations.sh	packages/libmylite/tests/runtime_update_subquery_predicates_test.c	-	pr-native;nightly-mysql
claim-0266	72f5360f6ac9f8e1	mysql	docs/specs/baseline-like-predicates/specs.md	packages/libmylite/tests/mysql_baseline_like_predicates_expectations.sh	packages/libmylite/tests/runtime_like_predicates_test.c	-	pr-native;nightly-mysql
claim-0267	f296906ac18cdff8	mysql	docs/specs/baseline-regexp-rlike-predicates/specs.md	packages/libmylite/tests/mysql_baseline_regexp_rlike_predicates_expectations.sh	packages/libmylite/tests/runtime_regexp_rlike_predicates_test.c	-	pr-native;nightly-mysql
claim-0268	1e99c8e1ec9b4b6e	mysql	docs/specs/baseline-tableless-select-scalar-where-expressions/specs.md	packages/libmylite/tests/mysql_baseline_insert_select_dual_scalar_where_expectations.sh	packages/libmylite/tests/runtime_select_row_scalar_predicates_test.c	-	pr-native;nightly-mysql
claim-0269	79ebd2c9eba7baf1	mysql	docs/specs/baseline-regexp-rlike-predicates/specs.md	packages/libmylite/tests/mysql_baseline_regexp_rlike_predicates_expectations.sh	packages/libmylite/tests/runtime_regexp_rlike_predicates_test.c	-	pr-native;nightly-mysql
claim-0270	706690c83ec0f332	mysql	docs/specs/baseline-regexp-rlike-predicates/specs.md	packages/libmylite/tests/mysql_baseline_regexp_rlike_predicates_expectations.sh	packages/libmylite/tests/runtime_regexp_rlike_predicates_test.c	-	pr-native;nightly-mysql
claim-0271	079fbd0cd938af19	mysql	docs/specs/baseline-tableless-select-scalar-where-expressions/specs.md	packages/libmylite/tests/mysql_baseline_insert_select_dual_scalar_where_expectations.sh	packages/libmylite/tests/runtime_select_row_scalar_predicates_test.c	-	pr-native;nightly-mysql
claim-0272	f02541fb6e61d885	mysql	docs/specs/baseline-row-bitwise-expressions/specs.md	packages/libmylite/tests/mysql_baseline_row_bitwise_expressions_expectations.sh	packages/libmylite/tests/runtime_row_bitwise_expressions_test.c	-	pr-native;nightly-mysql
claim-0273	969d00f3bb969946	mysql	docs/specs/baseline-row-bitwise-expressions/specs.md	packages/libmylite/tests/mysql_baseline_row_bitwise_expressions_expectations.sh	packages/libmylite/tests/runtime_row_bitwise_expressions_test.c	-	pr-native;nightly-mysql
claim-0274	1639243b6244efcf	mysql	docs/specs/baseline-row-scalar-expressions/specs.md	packages/libmylite/tests/mysql_baseline_row_scalar_expressions_expectations.sh	packages/libmylite/tests/runtime_row_scalar_expressions_test.c	-	pr-native;nightly-mysql
claim-0275	85df8bdeeaf314fc	mysql	docs/specs/baseline-row-scalar-numeric-comparison-update-contexts/specs.md	packages/libmylite/tests/mysql_baseline_row_scalar_numeric_comparison_update_contexts_expectations.sh	packages/libmylite/tests/runtime_row_scalar_numeric_comparison_update_contexts_test.c	-	pr-native;nightly-mysql
claim-0276	dc7fcadde03b638d	mysql	docs/specs/baseline-count-distinct-row-scalar-arguments/specs.md	packages/libmylite/tests/mysql_baseline_count_distinct_row_scalar_arguments_expectations.sh	packages/libmylite/tests/runtime_count_aggregate_test.c	-	pr-native;nightly-mysql
claim-0277	5223a9065939baa4	mysql	docs/specs/baseline-group-concat-aggregate/specs.md	packages/libmylite/tests/mysql_baseline_group_concat_aggregate_expectations.sh	packages/libmylite/tests/runtime_group_concat_aggregate_test.c	-	pr-native;nightly-mysql
claim-0278	bc93a9cbf8dadc52	mysql	docs/specs/baseline-distinct-numeric-aggregates/specs.md	packages/libmylite/tests/mysql_baseline_min_max_aggregate_expectations.sh	packages/libmylite/tests/runtime_min_max_aggregate_test.c	-	pr-native;nightly-mysql
claim-0279	a8e8d7ff1b361bb0	mysql	docs/specs/baseline-any-value-function/specs.md	packages/libmylite/tests/mysql_baseline_any_value_function_expectations.sh	packages/libmylite/tests/runtime_any_value_function_test.c	-	pr-native;nightly-mysql
claim-0280	43659f09ed17fbc7	mysql	docs/specs/baseline-string-count-distinct-aggregates/specs.md	packages/libmylite/tests/mysql_baseline_count_distinct_column_aggregate_expectations.sh	packages/libmylite/tests/runtime_group_by_single_column_aggregate_test.c	-	pr-native;nightly-mysql
claim-0281	5067780f3a5a0e7c	mysql	docs/specs/baseline-grouped-count-distinct-row-scalar-arguments/specs.md	packages/libmylite/tests/mysql_baseline_grouped_count_distinct_row_scalar_arguments_expectations.sh	packages/libmylite/tests/runtime_count_aggregate_test.c	-	pr-native;nightly-mysql
claim-0282	aefe0ed23ff202aa	mysql	docs/specs/baseline-group-by-multiple-keys/specs.md	packages/libmylite/tests/mysql_baseline_group_by_multiple_keys_expectations.sh	packages/libmylite/tests/runtime_group_by_single_column_aggregate_test.c	-	pr-native;nightly-mysql
claim-0283	1e43c1e5b2e41cbb	mysql	docs/specs/baseline-group-by-multiple-aggregates/specs.md	packages/libmylite/tests/mysql_baseline_group_by_multiple_aggregates_expectations.sh	packages/libmylite/tests/runtime_group_by_single_column_aggregate_test.c	-	pr-native;nightly-mysql
claim-0284	11de0eb8bd321af1	mysql	docs/specs/baseline-group-by-multiple-aggregates/specs.md	packages/libmylite/tests/mysql_baseline_group_by_multiple_aggregates_expectations.sh	packages/libmylite/tests/runtime_group_by_single_column_aggregate_test.c	-	pr-native;nightly-mysql
claim-0285	16694ca7f5e61975	mysql	docs/specs/baseline-group-by-multiple-aggregates/specs.md	packages/libmylite/tests/mysql_baseline_group_by_multiple_aggregates_expectations.sh	packages/libmylite/tests/runtime_group_by_single_column_aggregate_test.c	-	pr-native;nightly-mysql
claim-0286	ca116af916160115	mysql	docs/specs/baseline-group-by-multiple-aggregates/specs.md	packages/libmylite/tests/mysql_baseline_group_by_multiple_aggregates_expectations.sh	packages/libmylite/tests/runtime_group_by_single_column_aggregate_test.c	-	pr-native;nightly-mysql
claim-0287	a3c7d5412865b9a3	mysql	docs/specs/baseline-group-by-multiple-aggregates/specs.md	packages/libmylite/tests/mysql_baseline_group_by_multiple_aggregates_expectations.sh	packages/libmylite/tests/runtime_group_by_single_column_aggregate_test.c	-	pr-native;nightly-mysql
claim-0288	a834b393ab64c95a	mysql	docs/specs/baseline-grouped-bitwise-aggregate-having/specs.md	packages/libmylite/tests/mysql_baseline_grouped_bitwise_aggregate_having_expectations.sh	packages/libmylite/tests/runtime_group_by_single_column_aggregate_test.c	-	pr-native;nightly-mysql
claim-0290	e97c831f23adb8a7	mysql	docs/specs/baseline-group-concat-aggregate/specs.md	packages/libmylite/tests/mysql_baseline_group_concat_aggregate_expectations.sh	packages/libmylite/tests/runtime_group_concat_aggregate_test.c	-	pr-native;nightly-mysql
claim-0291	45cf48e97aadeebd	mysql	docs/specs/baseline-grouped-group-concat-aggregate-alias-order/specs.md	packages/libmylite/tests/mysql_baseline_group_concat_aggregate_expectations.sh	packages/libmylite/tests/runtime_group_concat_aggregate_test.c	-	pr-native;nightly-mysql
claim-0292	65a649b7a41d96bb	mysql	docs/specs/baseline-group-concat-aggregate/specs.md	packages/libmylite/tests/mysql_baseline_group_concat_aggregate_expectations.sh	packages/libmylite/tests/runtime_group_concat_aggregate_test.c	-	pr-native;nightly-mysql
claim-0293	dc810797339eb7c6	mysql	docs/specs/baseline-grouped-group-concat-aggregate-alias-having/specs.md	packages/libmylite/tests/mysql_baseline_group_concat_aggregate_expectations.sh	packages/libmylite/tests/runtime_group_concat_aggregate_test.c	-	pr-native;nightly-mysql
claim-0294	95232e4698ea9af4	mysql	docs/specs/baseline-json-aggregate-functions/specs.md	packages/libmylite/tests/mysql_baseline_json_aggregate_functions_expectations.sh	packages/libmylite/tests/runtime_json_aggregate_functions_test.c	-	pr-native;nightly-mysql
claim-0295	212b7f46660a0818	mysql	docs/specs/baseline-any-value-function/specs.md	packages/libmylite/tests/mysql_baseline_any_value_function_expectations.sh	packages/libmylite/tests/runtime_any_value_function_test.c	-	pr-native;nightly-mysql
claim-0296	acf427202e5e733f	mysql	docs/specs/baseline-any-value-function/specs.md	packages/libmylite/tests/mysql_baseline_any_value_function_expectations.sh	packages/libmylite/tests/runtime_any_value_function_test.c	-	pr-native;nightly-mysql
claim-0297	794b21406f36c598	mysql	docs/specs/baseline-any-value-function/specs.md	packages/libmylite/tests/mysql_baseline_any_value_function_expectations.sh	packages/libmylite/tests/runtime_any_value_function_test.c	-	pr-native;nightly-mysql
claim-0298	3d37f9b910d3802d	mysql	docs/specs/baseline-group-by-string-column/specs.md	packages/libmylite/tests/mysql_baseline_group_by_string_column_expectations.sh	packages/libmylite/tests/runtime_group_by_single_column_aggregate_test.c	-	pr-native;nightly-mysql
claim-0299	9ea1c69bd5ed5bc6	mysql	docs/specs/baseline-having-grouped-aggregate/specs.md	packages/libmylite/tests/mysql_baseline_having_grouped_aggregate_expectations.sh	packages/libmylite/tests/runtime_group_by_single_column_aggregate_test.c	-	pr-native;nightly-mysql
claim-0300	96ccf082ca23ea15	mysql	docs/specs/baseline-any-value-function/specs.md	packages/libmylite/tests/mysql_baseline_any_value_function_expectations.sh	packages/libmylite/tests/runtime_any_value_function_test.c	-	pr-native;nightly-mysql
claim-0301	f3a589ace41d406c	mysql	docs/specs/baseline-statistical-aggregates/specs.md	packages/libmylite/tests/mysql_baseline_statistical_aggregates_expectations.sh	packages/libmylite/tests/runtime_statistical_aggregates_test.c	-	pr-native;nightly-mysql
claim-0302	15646afd60d3bff3	mysql	docs/specs/baseline-statistical-aggregates/specs.md	packages/libmylite/tests/mysql_baseline_statistical_aggregates_expectations.sh	packages/libmylite/tests/parser_expression_aggregate_test.c	-	pr-native;nightly-mysql
claim-0303	010c647260b15107	mysql	docs/specs/baseline-having-grouped-aggregate/specs.md	packages/libmylite/tests/mysql_baseline_having_grouped_aggregate_expectations.sh	packages/libmylite/tests/runtime_statistical_aggregates_test.c	-	pr-native;nightly-mysql
claim-0304	8720eed145269867	mysql	docs/specs/baseline-group-by-multiple-aggregates/specs.md	packages/libmylite/tests/mysql_baseline_group_by_multiple_aggregates_expectations.sh	packages/libmylite/tests/runtime_group_by_single_column_aggregate_test.c	-	pr-native;nightly-mysql
claim-0305	6715a131bf9cecfd	mysql	docs/specs/baseline-grouped-selected-row-scalar-aggregate-expression-having/specs.md	packages/libmylite/tests/mysql_baseline_grouped_selected_row_scalar_aggregate_expression_having_expectations.sh	packages/libmylite/tests/runtime_group_by_single_column_aggregate_test.c	-	pr-native;nightly-mysql
claim-0306	db1f2f2d74d84493	mysql	docs/specs/baseline-group-by-multiple-aggregates/specs.md	packages/libmylite/tests/mysql_baseline_group_by_multiple_aggregates_expectations.sh	packages/libmylite/tests/runtime_group_by_single_column_aggregate_test.c	-	pr-native;nightly-mysql
claim-0307	2b9fd5c09d0bdc6a	mysql	docs/specs/baseline-values-statement/specs.md	packages/libmylite/tests/mysql_baseline_values_statement_expectations.sh	packages/libmylite/tests/runtime_values_statement_test.c	-	pr-native;nightly-mysql
claim-0308	1b55a551409a1668	mysql	docs/specs/baseline-user-variable-order-by-keys/specs.md	packages/libmylite/tests/mysql_baseline_select_order_limit_lifecycle_expectations.sh	packages/libmylite/tests/runtime_select_order_limit_lifecycle_test.c	-	pr-native;nightly-mysql
claim-0309	c6eb511e86a05057	mysql	docs/specs/baseline-joined-alias-having-comparison/specs.md	packages/libmylite/tests/mysql_baseline_inner_join_select_expectations.sh	packages/libmylite/tests/runtime_inner_join_select_test.c	-	pr-native;nightly-mysql
claim-0310	25316a841c6df6d0	mysql	docs/specs/baseline-intersect-except-select-lifecycle/specs.md	packages/libmylite/tests/mysql_baseline_intersect_except_select_lifecycle_expectations.sh	packages/libmylite/tests/runtime_intersect_except_select_lifecycle_test.c	-	pr-native;nightly-mysql
claim-0311	78ccc995eec408a9	mysql	docs/specs/baseline-insert-on-duplicate-key-update/specs.md	packages/libmylite/tests/mysql_baseline_insert_on_duplicate_key_update_expectations.sh	packages/libmylite/tests/runtime_insert_on_duplicate_key_update_test.c	-	pr-native;nightly-mysql
claim-0312	21862f71ed7a18f4	mysql	docs/specs/baseline-core-aggregate-window-functions/specs.md	packages/libmylite/tests/mysql_baseline_core_aggregate_window_functions_expectations.sh	packages/libmylite/tests/runtime_core_aggregate_window_functions_test.c	-	pr-native;nightly-mysql
claim-0313	3d3fb8faaf24c2c9	mysql	docs/specs/baseline-bitwise-aggregate-window-functions/specs.md	packages/libmylite/tests/mysql_baseline_bitwise_aggregate_window_functions_expectations.sh	packages/libmylite/tests/runtime_bitwise_aggregate_window_functions_test.c	-	pr-native;nightly-mysql
claim-0314	ed2a752943135e80	mysql	docs/specs/baseline-group-by-rollup/specs.md	packages/libmylite/tests/mysql_baseline_group_by_rollup_expectations.sh	packages/libmylite/tests/runtime_group_by_single_column_aggregate_test.c	-	pr-native;nightly-mysql
claim-0315	8a8cd688969d4dbb	mysql	docs/specs/baseline-grouping-function/specs.md	packages/libmylite/tests/mysql_baseline_grouping_function_expectations.sh	packages/libmylite/tests/runtime_group_by_single_column_aggregate_test.c	-	pr-native;nightly-mysql
claim-0316	5bd9d8d2e5f5e127	mysql	docs/specs/baseline-statistical-aggregate-window-functions/specs.md	packages/libmylite/tests/mysql_baseline_statistical_aggregate_window_functions_expectations.sh	packages/libmylite/tests/runtime_statistical_aggregate_window_functions_test.c	-	pr-native;nightly-mysql
claim-0317	1205353ce1acae29	mysql	docs/specs/baseline-json-aggregate-window-functions/specs.md	packages/libmylite/tests/mysql_baseline_json_aggregate_window_functions_expectations.sh	packages/libmylite/tests/runtime_json_aggregate_window_functions_test.c	-	pr-native;nightly-mysql
claim-0318	2613f24ef9f8783d	mysql	docs/specs/baseline-row-control-flow-functions/specs.md	packages/libmylite/tests/mysql_baseline_row_control_flow_functions_expectations.sh	packages/libmylite/tests/runtime_case_operator_test.c	-	pr-native;nightly-mysql
claim-0319	c69cdf615075b60c	mysql	docs/specs/baseline-cast-convert-basic-targets/specs.md	packages/libmylite/tests/mysql_baseline_cast_convert_basic_targets_expectations.sh	packages/libmylite/tests/runtime_row_cast_convert_projection_test.c	-	pr-native;nightly-mysql
claim-0320	6ac43ee7a1db4e30	mysql	docs/specs/baseline-select-row-scalar-predicates/specs.md	packages/libmylite/tests/mysql_baseline_select_row_scalar_predicates_expectations.sh	packages/libmylite/tests/runtime_select_row_scalar_predicates_test.c	-	pr-native;nightly-mysql
claim-0321	f34e6eda42c3f1f5	mysql	docs/specs/baseline-cast-convert-basic-targets/specs.md	packages/libmylite/tests/mysql_baseline_cast_convert_basic_targets_expectations.sh	packages/libmylite/tests/runtime_row_cast_convert_projection_test.c	-	pr-native;nightly-mysql
claim-0322	26a1f0177583d40b	mysql	docs/specs/baseline-row-scalar-numeric-comparison-update-contexts/specs.md	packages/libmylite/tests/mysql_baseline_row_scalar_numeric_comparison_update_contexts_expectations.sh	packages/libmylite/tests/runtime_row_scalar_numeric_comparison_update_contexts_test.c	-	pr-native;nightly-mysql
claim-0323	add73e0cb3579baf	mysql	docs/specs/baseline-select-row-scalar-predicates/specs.md	packages/libmylite/tests/mysql_baseline_select_row_scalar_predicates_expectations.sh	packages/libmylite/tests/runtime_select_row_scalar_predicates_test.c	-	pr-native;nightly-mysql
claim-0324	81d3bd07746a9aee	mysql	docs/specs/baseline-select-row-scalar-predicates/specs.md	packages/libmylite/tests/mysql_baseline_select_row_scalar_predicates_expectations.sh	packages/libmylite/tests/runtime_select_row_scalar_predicates_test.c	-	pr-native;nightly-mysql
claim-0325	8fbbb34c379e0b9a	mysql	docs/specs/baseline-row-scalar-numeric-comparison-update-contexts/specs.md	packages/libmylite/tests/mysql_baseline_row_scalar_numeric_comparison_update_contexts_expectations.sh	packages/libmylite/tests/runtime_row_scalar_numeric_comparison_update_contexts_test.c	-	pr-native;nightly-mysql
claim-0326	d32dc593a00c2885	mysql	docs/specs/baseline-row-scalar-numeric-comparison-update-contexts/specs.md	packages/libmylite/tests/mysql_baseline_row_scalar_numeric_comparison_update_contexts_expectations.sh	packages/libmylite/tests/runtime_row_scalar_numeric_comparison_update_contexts_test.c	-	pr-native;nightly-mysql
claim-0327	b7eae75b950ce278	mysql	docs/specs/baseline-row-scalar-numeric-comparison-update-contexts/specs.md	packages/libmylite/tests/mysql_baseline_row_scalar_numeric_comparison_update_contexts_expectations.sh	packages/libmylite/tests/runtime_row_scalar_numeric_comparison_update_contexts_test.c	-	pr-native;nightly-mysql
claim-0328	00ddc6b0dd6c1e29	mysql	docs/specs/baseline-select-row-scalar-predicates/specs.md	packages/libmylite/tests/mysql_baseline_select_row_scalar_predicates_expectations.sh	packages/libmylite/tests/runtime_select_row_scalar_predicates_test.c	-	pr-native;nightly-mysql
claim-0329	1cfaa496744fd363	mysql	docs/specs/baseline-default-function/specs.md	packages/libmylite/tests/mysql_baseline_default_function_expectations.sh	packages/libmylite/tests/runtime_default_function_test.c	-	pr-native;nightly-mysql
claim-0330	fade8969b21d26fb	mysql	docs/specs/baseline-values-function-non-odku/specs.md	packages/libmylite/tests/mysql_baseline_values_function_non_odku_expectations.sh	packages/libmylite/tests/runtime_values_function_non_odku_test.c	-	pr-native;nightly-mysql
claim-0331	b3dfac8d3f4a41d1	mysql	docs/specs/baseline-json-extract-functions/specs.md	packages/libmylite/tests/mysql_baseline_json_extract_functions_expectations.sh	packages/libmylite/tests/runtime_json_extract_functions_test.c	-	pr-native;nightly-mysql
claim-0332	81bfd849b95d8de7	mysql	docs/specs/baseline-json-extract-functions/specs.md	packages/libmylite/tests/mysql_baseline_json_extract_functions_expectations.sh	packages/libmylite/tests/runtime_json_extract_functions_test.c	-	pr-native;nightly-mysql
claim-0333	9ec49397c23fb5eb	mysql	docs/specs/baseline-json-row-scalar-context-followup/specs.md	packages/libmylite/tests/mysql_baseline_json_row_scalar_contexts_expectations.sh	packages/libmylite/tests/runtime_json_row_scalar_contexts_test.c	-	pr-native;nightly-mysql
claim-0334	e5584737e56d37de	mysql	docs/specs/baseline-json-array-mutation-functions/specs.md	packages/libmylite/tests/mysql_baseline_json_array_mutation_functions_expectations.sh	packages/libmylite/tests/runtime_json_array_mutation_functions_test.c	-	pr-native;nightly-mysql
claim-0335	ce8d6a179b5a618c	mysql	docs/specs/baseline-json-array-mutation-functions/specs.md	packages/libmylite/tests/mysql_baseline_json_array_mutation_functions_expectations.sh	packages/libmylite/tests/runtime_json_array_mutation_functions_test.c	-	pr-native;nightly-mysql
claim-0336	c495f84f372ffe7b	mysql	docs/specs/baseline-json-aggregate-window-functions/specs.md	packages/libmylite/tests/mysql_baseline_json_aggregate_window_functions_expectations.sh	packages/libmylite/tests/runtime_json_aggregate_window_functions_test.c	-	pr-native;nightly-mysql
claim-0337	48f1a1822bf1b671	mysql	docs/specs/baseline-json-contains-functions/specs.md	packages/libmylite/tests/mysql_baseline_json_contains_functions_expectations.sh	packages/libmylite/tests/runtime_json_contains_functions_test.c	-	pr-native;nightly-mysql
claim-0338	9958122215972cd3	mysql	docs/specs/baseline-json-contains-functions/specs.md	packages/libmylite/tests/mysql_baseline_json_contains_functions_expectations.sh	packages/libmylite/tests/runtime_json_contains_functions_test.c	-	pr-native;nightly-mysql
claim-0339	7754bd2ee2cecfd3	mysql	docs/specs/baseline-json-depth-pretty-functions/specs.md	packages/libmylite/tests/mysql_baseline_json_introspection_functions_expectations.sh	packages/libmylite/tests/runtime_json_introspection_functions_test.c	-	pr-native;nightly-mysql
claim-0340	ee44897cce40bf1a	mysql	docs/specs/baseline-select-row-scalar-predicates/specs.md	packages/libmylite/tests/mysql_baseline_select_row_scalar_predicates_expectations.sh	packages/libmylite/tests/runtime_select_row_scalar_predicates_test.c	-	pr-native;nightly-mysql
claim-0341	47f93a68f0ddfdf7	mysql	docs/specs/baseline-json-row-scalar-context-followup/specs.md	packages/libmylite/tests/mysql_baseline_json_row_scalar_contexts_expectations.sh	packages/libmylite/tests/runtime_json_row_scalar_contexts_test.c	-	pr-native;nightly-mysql
claim-0342	1a739e1a111fa03a	mysql	docs/specs/baseline-json-row-scalar-context-followup/specs.md	packages/libmylite/tests/mysql_baseline_json_row_scalar_contexts_expectations.sh	packages/libmylite/tests/runtime_json_row_scalar_contexts_test.c	-	pr-native;nightly-mysql
claim-0343	81b3bd060bbe4e19	mysql	docs/specs/baseline-json-introspection-functions/specs.md	packages/libmylite/tests/mysql_baseline_json_introspection_functions_expectations.sh	packages/libmylite/tests/runtime_json_introspection_functions_test.c	-	pr-native;nightly-mysql
claim-0344	f5fb1a4ae3382484	mysql	docs/specs/baseline-json-merge-functions/specs.md	packages/libmylite/tests/mysql_baseline_json_merge_functions_expectations.sh	packages/libmylite/tests/runtime_json_merge_functions_test.c	-	pr-native;nightly-mysql
claim-0345	55cb2d453ee85fc2	mysql	docs/specs/baseline-json-merge-functions/specs.md	packages/libmylite/tests/mysql_baseline_json_merge_functions_expectations.sh	packages/libmylite/tests/runtime_json_merge_functions_test.c	-	pr-native;nightly-mysql
claim-0346	1079474159fbec88	mysql	docs/specs/baseline-json-merge-functions/specs.md	packages/libmylite/tests/mysql_baseline_json_merge_functions_expectations.sh	packages/libmylite/tests/runtime_json_merge_functions_test.c	-	pr-native;nightly-mysql
claim-0347	5cd05bbc93ae9355	mysql	docs/specs/baseline-json-row-scalar-context-followup/specs.md	packages/libmylite/tests/mysql_baseline_json_row_scalar_contexts_expectations.sh	packages/libmylite/tests/runtime_json_row_scalar_contexts_test.c	-	pr-native;nightly-mysql
claim-0348	9709459dd2a83f27	mysql	docs/specs/baseline-json-aggregate-window-functions/specs.md	packages/libmylite/tests/mysql_baseline_json_aggregate_window_functions_expectations.sh	packages/libmylite/tests/runtime_json_aggregate_window_functions_test.c	-	pr-native;nightly-mysql
claim-0349	434303af1ea519cf	mysql	docs/specs/baseline-json-overlaps-member-functions/specs.md	packages/libmylite/tests/mysql_baseline_json_overlaps_member_functions_expectations.sh	packages/libmylite/tests/runtime_json_overlaps_member_functions_test.c	-	pr-native;nightly-mysql
claim-0350	51d5206aebfb79de	mysql	docs/specs/baseline-json-depth-pretty-functions/specs.md	packages/libmylite/tests/mysql_baseline_json_introspection_functions_expectations.sh	packages/libmylite/tests/runtime_json_introspection_functions_test.c	-	pr-native;nightly-mysql
claim-0351	495feda340aafc0e	mysql	docs/specs/baseline-json-quote-function/specs.md	packages/libmylite/tests/mysql_baseline_json_quote_function_expectations.sh	packages/libmylite/tests/runtime_json_quote_function_test.c	-	pr-native;nightly-mysql
claim-0352	1aa64acf6ab8317a	mysql	docs/specs/baseline-json-row-scalar-context-followup/specs.md	packages/libmylite/tests/mysql_baseline_json_row_scalar_contexts_expectations.sh	packages/libmylite/tests/runtime_json_row_scalar_contexts_test.c	-	pr-native;nightly-mysql
claim-0353	e8f99be5177f9cab	mysql	docs/specs/baseline-json-row-scalar-context-followup/specs.md	packages/libmylite/tests/mysql_baseline_json_row_scalar_contexts_expectations.sh	packages/libmylite/tests/runtime_json_row_scalar_contexts_test.c	-	pr-native;nightly-mysql
claim-0354	73f761b3f113974c	mysql	docs/specs/baseline-json-schema-functions/specs.md	packages/libmylite/tests/mysql_baseline_json_schema_functions_expectations.sh	packages/libmylite/tests/runtime_json_schema_functions_test.c	-	pr-native;nightly-mysql
claim-0355	57e648debbd443b5	mysql	docs/specs/baseline-json-schema-functions/specs.md	packages/libmylite/tests/mysql_baseline_json_schema_functions_expectations.sh	packages/libmylite/tests/runtime_json_schema_functions_test.c	-	pr-native;nightly-mysql
claim-0356	912d4107f35a9e3c	mysql	docs/specs/baseline-json-search-function/specs.md	packages/libmylite/tests/mysql_baseline_json_search_function_expectations.sh	packages/libmylite/tests/runtime_json_search_function_test.c	-	pr-native;nightly-mysql
claim-0357	604c7d1726928368	mysql	docs/specs/baseline-json-row-scalar-context-followup/specs.md	packages/libmylite/tests/mysql_baseline_json_row_scalar_contexts_expectations.sh	packages/libmylite/tests/runtime_json_row_scalar_contexts_test.c	-	pr-native;nightly-mysql
claim-0358	21365034a61ad94f	mysql	docs/specs/baseline-json-storage-functions/specs.md	packages/libmylite/tests/mysql_baseline_json_introspection_functions_expectations.sh	packages/libmylite/tests/runtime_json_introspection_functions_test.c	-	pr-native;nightly-mysql
claim-0359	f185099b13079e05	mysql	docs/specs/baseline-json-storage-functions/specs.md	packages/libmylite/tests/mysql_baseline_json_introspection_functions_expectations.sh	packages/libmylite/tests/runtime_json_introspection_functions_test.c	-	pr-native;nightly-mysql
claim-0360	88bd7deda8a15eb2	mysql	docs/specs/baseline-json-table-literal/specs.md	packages/libmylite/tests/mysql_baseline_json_table_literal_expectations.sh	packages/libmylite/tests/runtime_json_table_literal_test.c	-	pr-native;nightly-mysql
claim-0361	204fc7d60402e9e1	mysql	docs/specs/baseline-json-introspection-functions/specs.md	packages/libmylite/tests/mysql_baseline_json_introspection_functions_expectations.sh	packages/libmylite/tests/runtime_json_introspection_functions_test.c	-	pr-native;nightly-mysql
claim-0362	27e212821a534725	mysql	docs/specs/baseline-select-row-scalar-predicates/specs.md	packages/libmylite/tests/mysql_baseline_select_row_scalar_predicates_expectations.sh	packages/libmylite/tests/runtime_select_row_scalar_predicates_test.c	-	pr-native;nightly-mysql
claim-0363	7814b2bd91f22c49	mysql	docs/specs/baseline-json-valid-function/specs.md	packages/libmylite/tests/mysql_baseline_json_valid_function_expectations.sh	packages/libmylite/tests/runtime_json_valid_function_test.c	-	pr-native;nightly-mysql
claim-0364	67b95691930cd196	mysql	docs/specs/baseline-json-value-function/specs.md	packages/libmylite/tests/mysql_baseline_json_value_function_expectations.sh	packages/libmylite/tests/runtime_json_value_function_test.c	-	pr-native;nightly-mysql
claim-0365	f7cf2e1e01d3c806	mysql	docs/specs/baseline-json-overlaps-member-functions/specs.md	packages/libmylite/tests/mysql_baseline_json_overlaps_member_functions_expectations.sh	packages/libmylite/tests/runtime_json_overlaps_member_functions_test.c	-	pr-native;nightly-mysql
claim-0366	aef0a97ed83b2895	mysql	docs/specs/baseline-abs-function/specs.md	packages/libmylite/tests/mysql_baseline_abs_function_expectations.sh	packages/libmylite/tests/runtime_abs_function_test.c	-	pr-native;nightly-mysql
claim-0367	911bbff92860a202	mysql	docs/specs/baseline-acos-asin-functions/specs.md	packages/libmylite/tests/mysql_baseline_acos_asin_functions_expectations.sh	packages/libmylite/tests/runtime_acos_asin_functions_test.c	-	pr-native;nightly-mysql
claim-0368	f135e20123cc8182	mysql	docs/specs/baseline-acos-asin-functions/specs.md	packages/libmylite/tests/mysql_baseline_acos_asin_functions_expectations.sh	packages/libmylite/tests/runtime_acos_asin_functions_test.c	-	pr-native;nightly-mysql
claim-0369	6d1db7fa37eee6b3	mysql	docs/specs/baseline-atan-functions/specs.md	packages/libmylite/tests/mysql_baseline_atan_functions_expectations.sh	packages/libmylite/tests/runtime_atan_functions_test.c	-	pr-native;nightly-mysql
claim-0370	203e3c4d92e57ab7	mysql	docs/specs/baseline-atan-functions/specs.md	packages/libmylite/tests/mysql_baseline_atan_functions_expectations.sh	packages/libmylite/tests/runtime_atan_functions_test.c	-	pr-native;nightly-mysql
claim-0371	22b85384dac9f342	mysql	docs/specs/baseline-row-base-conversion-functions/specs.md	packages/libmylite/tests/mysql_baseline_bin_oct_functions_expectations.sh	packages/libmylite/tests/runtime_bin_oct_functions_test.c	-	pr-native;nightly-mysql
claim-0372	cdef3b876f656489	mysql	docs/specs/baseline-bit-count-function/specs.md	packages/libmylite/tests/mysql_baseline_bit_count_function_expectations.sh	packages/libmylite/tests/runtime_bit_count_function_test.c	-	pr-native;nightly-mysql
claim-0373	6de391bf7c8781d2	mysql	docs/specs/baseline-ceil-floor-functions/specs.md	packages/libmylite/tests/mysql_baseline_ceil_floor_functions_expectations.sh	packages/libmylite/tests/runtime_ceil_floor_functions_test.c	-	pr-native;nightly-mysql
claim-0374	ad36765545e3d647	mysql	docs/specs/baseline-ceil-floor-functions/specs.md	packages/libmylite/tests/mysql_baseline_ceil_floor_functions_expectations.sh	packages/libmylite/tests/runtime_ceil_floor_functions_test.c	-	pr-native;nightly-mysql
claim-0375	2971fcddc9c51061	mysql	docs/specs/baseline-row-base-conversion-functions/specs.md	packages/libmylite/tests/mysql_baseline_conv_function_expectations.sh	packages/libmylite/tests/runtime_conv_function_test.c	-	pr-native;nightly-mysql
claim-0376	c5429e2c18616355	mysql	docs/specs/baseline-trigonometric-functions/specs.md	packages/libmylite/tests/mysql_baseline_trigonometric_functions_expectations.sh	packages/libmylite/tests/runtime_trigonometric_functions_test.c	-	pr-native;nightly-mysql
claim-0377	2912f8a9b212c487	mysql	docs/specs/baseline-trigonometric-functions/specs.md	packages/libmylite/tests/mysql_baseline_trigonometric_functions_expectations.sh	packages/libmylite/tests/runtime_trigonometric_functions_test.c	-	pr-native;nightly-mysql
claim-0378	bbde92f93a54ab04	mysql	docs/specs/baseline-row-scalar-numeric-comparison-update-contexts/specs.md	packages/libmylite/tests/mysql_baseline_row_scalar_numeric_comparison_update_contexts_expectations.sh	packages/libmylite/tests/runtime_row_scalar_numeric_comparison_update_contexts_test.c	-	pr-native;nightly-mysql
claim-0379	d0d5ef7a30edd5a1	mysql	docs/specs/baseline-degrees-radians-functions/specs.md	packages/libmylite/tests/mysql_baseline_degrees_radians_functions_expectations.sh	packages/libmylite/tests/runtime_degrees_radians_functions_test.c	-	pr-native;nightly-mysql
claim-0380	12dee5ec69e40518	mysql	docs/specs/baseline-exp-log-power-functions/specs.md	packages/libmylite/tests/mysql_baseline_exp_log_power_functions_expectations.sh	packages/libmylite/tests/runtime_exp_log_power_functions_test.c	-	pr-native;nightly-mysql
claim-0381	518e0b67579db950	mysql	docs/specs/baseline-ceil-floor-functions/specs.md	packages/libmylite/tests/mysql_baseline_ceil_floor_functions_expectations.sh	packages/libmylite/tests/runtime_ceil_floor_functions_test.c	-	pr-native;nightly-mysql
claim-0382	3edfcae8fd6fef9d	mysql	docs/specs/baseline-row-scalar-numeric-comparison-update-contexts/specs.md	packages/libmylite/tests/mysql_baseline_row_scalar_numeric_comparison_update_contexts_expectations.sh	packages/libmylite/tests/runtime_row_scalar_numeric_comparison_update_contexts_test.c	-	pr-native;nightly-mysql
claim-0383	1d9b707f747518f7	mysql	docs/specs/baseline-exp-log-power-functions/specs.md	packages/libmylite/tests/mysql_baseline_exp_log_power_functions_expectations.sh	packages/libmylite/tests/runtime_exp_log_power_functions_test.c	-	pr-native;nightly-mysql
claim-0384	000a968adcf5e1f9	mysql	docs/specs/baseline-exp-log-power-functions/specs.md	packages/libmylite/tests/mysql_baseline_exp_log_power_functions_expectations.sh	packages/libmylite/tests/runtime_exp_log_power_functions_test.c	-	pr-native;nightly-mysql
claim-0385	e5ef4012b27de0ff	mysql	docs/specs/baseline-exp-log-power-functions/specs.md	packages/libmylite/tests/mysql_baseline_exp_log_power_functions_expectations.sh	packages/libmylite/tests/runtime_exp_log_power_functions_test.c	-	pr-native;nightly-mysql
claim-0386	14465beadc2ed184	mysql	docs/specs/baseline-exp-log-power-functions/specs.md	packages/libmylite/tests/mysql_baseline_exp_log_power_functions_expectations.sh	packages/libmylite/tests/runtime_exp_log_power_functions_test.c	-	pr-native;nightly-mysql
claim-0387	e8a5926064cea7d2	mysql	docs/specs/baseline-row-scalar-numeric-comparison-update-contexts/specs.md	packages/libmylite/tests/mysql_baseline_row_scalar_numeric_comparison_update_contexts_expectations.sh	packages/libmylite/tests/runtime_row_scalar_numeric_comparison_update_contexts_test.c	-	pr-native;nightly-mysql
claim-0388	3151a658343ca671	mysql	docs/specs/baseline-row-base-conversion-functions/specs.md	packages/libmylite/tests/mysql_baseline_bin_oct_functions_expectations.sh	packages/libmylite/tests/runtime_bin_oct_functions_test.c	-	pr-native;nightly-mysql
claim-0389	8c73e678cdfae3de	mysql	docs/specs/baseline-row-numeric-extra-functions/specs.md	packages/libmylite/tests/mysql_baseline_numeric_format_truncate_crc32_expectations.sh	packages/libmylite/tests/runtime_numeric_format_truncate_crc32_test.c	-	pr-native;nightly-mysql
claim-0390	775c6ad787dd5501	mysql	docs/specs/baseline-exp-log-power-functions/specs.md	packages/libmylite/tests/mysql_baseline_exp_log_power_functions_expectations.sh	packages/libmylite/tests/runtime_exp_log_power_functions_test.c	-	pr-native;nightly-mysql
claim-0391	5d0822e47834409a	mysql	docs/specs/baseline-exp-log-power-functions/specs.md	packages/libmylite/tests/mysql_baseline_exp_log_power_functions_expectations.sh	packages/libmylite/tests/runtime_exp_log_power_functions_test.c	-	pr-native;nightly-mysql
claim-0392	637e05364d807286	mysql	docs/specs/baseline-degrees-radians-functions/specs.md	packages/libmylite/tests/mysql_baseline_degrees_radians_functions_expectations.sh	packages/libmylite/tests/runtime_degrees_radians_functions_test.c	-	pr-native;nightly-mysql
claim-0393	1d91ea9c0da70002	mysql	docs/specs/baseline-table-backed-rand-function/specs.md	packages/libmylite/tests/mysql_baseline_seeded_rand_function_expectations.sh	packages/libmylite/tests/runtime_rand_function_test.c	-	pr-native;nightly-mysql
claim-0394	79e7bc1385e77a36	mysql	docs/specs/baseline-round-places-function/specs.md	packages/libmylite/tests/mysql_baseline_round_function_expectations.sh	packages/libmylite/tests/runtime_round_function_test.c	-	pr-native;nightly-mysql
claim-0395	ef2125d3a579b781	mysql	docs/specs/baseline-sign-function/specs.md	packages/libmylite/tests/mysql_baseline_sign_function_expectations.sh	packages/libmylite/tests/runtime_sign_function_test.c	-	pr-native;nightly-mysql
claim-0396	a8f60b7708bb30e9	mysql	docs/specs/baseline-trigonometric-functions/specs.md	packages/libmylite/tests/mysql_baseline_trigonometric_functions_expectations.sh	packages/libmylite/tests/runtime_trigonometric_functions_test.c	-	pr-native;nightly-mysql
claim-0397	b787d63844b42bd9	mysql	docs/specs/baseline-sqrt-function/specs.md	packages/libmylite/tests/mysql_baseline_sqrt_function_expectations.sh	packages/libmylite/tests/runtime_sqrt_function_test.c	-	pr-native;nightly-mysql
claim-0398	5d598f458ba58bd4	mysql	docs/specs/baseline-trigonometric-functions/specs.md	packages/libmylite/tests/mysql_baseline_trigonometric_functions_expectations.sh	packages/libmylite/tests/runtime_trigonometric_functions_test.c	-	pr-native;nightly-mysql
claim-0399	4632e4943ad172b0	mysql	docs/specs/baseline-row-scalar-numeric-comparison-update-contexts/specs.md	packages/libmylite/tests/mysql_baseline_row_scalar_numeric_comparison_update_contexts_expectations.sh	packages/libmylite/tests/runtime_row_scalar_numeric_comparison_update_contexts_test.c	-	pr-native;nightly-mysql
claim-0400	d54c5fbac45faf8f	mysql	docs/specs/baseline-ascii-ord-functions/specs.md	packages/libmylite/tests/mysql_baseline_ascii_ord_functions_expectations.sh	packages/libmylite/tests/runtime_ascii_ord_functions_test.c	-	pr-native;nightly-mysql
claim-0401	671adf82575b05d1	mysql	docs/specs/baseline-string-function-predicates/specs.md	packages/libmylite/tests/mysql_baseline_string_length_functions_expectations.sh	packages/libmylite/tests/runtime_string_length_functions_test.c	-	pr-native;nightly-mysql
claim-0402	d4c5aa88a45e545f	mysql	docs/specs/baseline-char-function/specs.md	packages/libmylite/tests/mysql_baseline_char_function_expectations.sh	packages/libmylite/tests/runtime_char_function_test.c	-	pr-native;nightly-mysql
claim-0403	75f6c31e1163dc0d	mysql	docs/specs/baseline-string-function-predicates/specs.md	packages/libmylite/tests/mysql_baseline_string_length_functions_expectations.sh	packages/libmylite/tests/runtime_string_length_functions_test.c	-	pr-native;nightly-mysql
claim-0404	873b2854274a4e53	mysql	docs/specs/baseline-string-function-predicates/specs.md	packages/libmylite/tests/mysql_baseline_string_length_functions_expectations.sh	packages/libmylite/tests/runtime_string_length_functions_test.c	-	pr-native;nightly-mysql
claim-0405	b089b6c4b5415da4	mysql	docs/specs/baseline-charset-collation-functions/specs.md	packages/libmylite/tests/mysql_baseline_charset_collation_functions_expectations.sh	packages/libmylite/tests/runtime_charset_collation_functions_test.c	-	pr-native;nightly-mysql
claim-0406	7907ca282ebc9dee	mysql	docs/specs/baseline-coercibility-function/specs.md	packages/libmylite/tests/mysql_baseline_coercibility_function_expectations.sh	packages/libmylite/tests/runtime_coercibility_function_test.c	-	pr-native;nightly-mysql
claim-0407	abfb8871a2d8c036	mysql	docs/specs/baseline-charset-collation-functions/specs.md	packages/libmylite/tests/mysql_baseline_charset_collation_functions_expectations.sh	packages/libmylite/tests/runtime_charset_collation_functions_test.c	-	pr-native;nightly-mysql
claim-0408	b00a89733f81be32	mysql	docs/specs/baseline-select-row-scalar-predicates/specs.md	packages/libmylite/tests/mysql_baseline_select_row_scalar_predicates_expectations.sh	packages/libmylite/tests/runtime_select_row_scalar_predicates_test.c	-	pr-native;nightly-mysql
claim-0409	ec66118da4ae8ad7	mysql	docs/specs/baseline-select-row-scalar-predicates/specs.md	packages/libmylite/tests/mysql_baseline_select_row_scalar_predicates_expectations.sh	packages/libmylite/tests/runtime_select_row_scalar_predicates_test.c	-	pr-native;nightly-mysql
claim-0410	8f0e1f7464077e78	mysql	docs/specs/baseline-elt-function/specs.md	packages/libmylite/tests/mysql_baseline_elt_function_expectations.sh	packages/libmylite/tests/runtime_elt_function_test.c	-	pr-native;nightly-mysql
claim-0411	58aa400484c9a12d	mysql	docs/specs/baseline-string-bitmask-functions/specs.md	packages/libmylite/tests/mysql_baseline_string_bitmask_functions_expectations.sh	packages/libmylite/tests/runtime_string_bitmask_functions_test.c	-	pr-native;nightly-mysql
claim-0412	37af3b31a25bb126	mysql	docs/specs/baseline-order-by-field-function/specs.md	packages/libmylite/tests/mysql_baseline_order_by_field_function_expectations.sh	packages/libmylite/tests/runtime_order_by_field_function_test.c	-	pr-native;nightly-mysql
claim-0413	87d97835bb5d2a2c	mysql	docs/specs/baseline-find-in-set-function/specs.md	packages/libmylite/tests/mysql_baseline_find_in_set_function_expectations.sh	packages/libmylite/tests/runtime_string_search_functions_test.c	-	pr-native;nightly-mysql
claim-0414	8dd8692628a87d9c	mysql	docs/specs/baseline-base64-functions/specs.md	packages/libmylite/tests/mysql_baseline_base64_functions_expectations.sh	packages/libmylite/tests/runtime_base64_functions_test.c	-	pr-native;nightly-mysql
claim-0415	c5459dad604d9722	mysql	docs/specs/baseline-select-row-scalar-predicates/specs.md	packages/libmylite/tests/mysql_baseline_select_row_scalar_predicates_expectations.sh	packages/libmylite/tests/runtime_select_row_scalar_predicates_test.c	-	pr-native;nightly-mysql
claim-0416	072c836000f0003e	mysql	docs/specs/baseline-insert-string-function/specs.md	packages/libmylite/tests/mysql_baseline_insert_string_function_expectations.sh	packages/libmylite/tests/runtime_insert_string_function_test.c	-	pr-native;nightly-mysql
claim-0417	ac90f86c1fb1a7a8	mysql	docs/specs/baseline-string-search-functions/specs.md	packages/libmylite/tests/mysql_baseline_string_search_functions_expectations.sh	packages/libmylite/tests/runtime_string_search_functions_test.c	-	pr-native;nightly-mysql
claim-0418	3ffa14dc7c16e588	mysql	docs/specs/baseline-string-case-functions/specs.md	packages/libmylite/tests/mysql_baseline_string_case_functions_expectations.sh	packages/libmylite/tests/runtime_string_case_functions_test.c	-	pr-native;nightly-mysql
claim-0419	ce581ce9a3382012	mysql	docs/specs/baseline-left-right-functions/specs.md	packages/libmylite/tests/mysql_baseline_left_right_functions_expectations.sh	packages/libmylite/tests/runtime_string_slice_functions_test.c	-	pr-native;nightly-mysql
claim-0420	df0393bcb39eb848	mysql	docs/specs/baseline-string-function-predicates/specs.md	packages/libmylite/tests/mysql_baseline_string_length_functions_expectations.sh	packages/libmylite/tests/runtime_string_length_functions_test.c	-	pr-native;nightly-mysql
claim-0421	ec5c1f3589178529	mysql	docs/specs/baseline-string-search-functions/specs.md	packages/libmylite/tests/mysql_baseline_string_search_functions_expectations.sh	packages/libmylite/tests/runtime_string_search_functions_test.c	-	pr-native;nightly-mysql
claim-0422	8e6e30a6b7faa6d6	mysql	docs/specs/baseline-select-row-scalar-predicates/specs.md	packages/libmylite/tests/mysql_baseline_select_row_scalar_predicates_expectations.sh	packages/libmylite/tests/runtime_select_row_scalar_predicates_test.c	-	pr-native;nightly-mysql
claim-0423	0df39bf3f0f5f87a	mysql	docs/specs/baseline-string-padding-functions/specs.md	packages/libmylite/tests/mysql_baseline_string_padding_functions_expectations.sh	packages/libmylite/tests/runtime_string_padding_functions_test.c	-	pr-native;nightly-mysql
claim-0424	1e7a34f672d6c330	mysql	docs/specs/baseline-trim-string-functions/specs.md	packages/libmylite/tests/mysql_baseline_trim_string_functions_expectations.sh	packages/libmylite/tests/runtime_trim_string_functions_test.c	-	pr-native;nightly-mysql
claim-0425	74e8041b8a03fdb3	mysql	docs/specs/baseline-string-bitmask-functions/specs.md	packages/libmylite/tests/mysql_baseline_string_bitmask_functions_expectations.sh	packages/libmylite/tests/runtime_string_bitmask_functions_test.c	-	pr-native;nightly-mysql
claim-0426	b1de7a30e4db2fe1	mysql	docs/specs/baseline-substring-functions/specs.md	packages/libmylite/tests/mysql_baseline_substring_functions_expectations.sh	packages/libmylite/tests/runtime_string_slice_functions_test.c	-	pr-native;nightly-mysql
claim-0427	37e14f7fe15d5c53	mysql	docs/specs/baseline-string-function-predicates/specs.md	packages/libmylite/tests/mysql_baseline_string_length_functions_expectations.sh	packages/libmylite/tests/runtime_string_length_functions_test.c	-	pr-native;nightly-mysql
claim-0428	d0c8a2fa0f5b3918	mysql	docs/specs/baseline-ascii-ord-functions/specs.md	packages/libmylite/tests/mysql_baseline_ascii_ord_functions_expectations.sh	packages/libmylite/tests/runtime_ascii_ord_functions_test.c	-	pr-native;nightly-mysql
claim-0429	a3a70655df93628c	mysql	docs/specs/baseline-string-search-functions/specs.md	packages/libmylite/tests/mysql_baseline_string_search_functions_expectations.sh	packages/libmylite/tests/runtime_string_search_functions_test.c	-	pr-native;nightly-mysql
claim-0430	52c321c5fc72055f	mysql	docs/specs/baseline-quote-function/specs.md	packages/libmylite/tests/mysql_baseline_quote_function_expectations.sh	packages/libmylite/tests/runtime_quote_function_test.c	-	pr-native;nightly-mysql
claim-0431	fec1c60cb9e5131f	mysql	docs/specs/baseline-regexp-string-functions/specs.md	packages/libmylite/tests/mysql_baseline_regexp_string_functions_expectations.sh	packages/libmylite/tests/runtime_regexp_like_function_test.c	-	pr-native;nightly-mysql
claim-0432	8b85b3f94bd36c49	mysql	docs/specs/baseline-regexp-like-function/specs.md	packages/libmylite/tests/mysql_baseline_regexp_like_function_expectations.sh	packages/libmylite/tests/runtime_regexp_like_function_test.c	-	pr-native;nightly-mysql
claim-0433	b521144be038d386	mysql	docs/specs/parser-corpus-set-dml-scalar-value-surfaces/specs.md	packages/libmylite/tests/mysql_parser_corpus_expression_value_surfaces_expectations.sh	packages/libmylite/tests/runtime_parser_corpus_expression_value_surfaces_test.c	-	pr-native;nightly-mysql
claim-0434	4396e78e5c1af4a7	mysql	docs/specs/parser-corpus-dml-scalar-residuals/specs.md	packages/libmylite/tests/mysql_parser_corpus_dml_scalar_residuals_expectations.sh	packages/libmylite/tests/runtime_dml_scalar_expression_values_test.c	-	pr-native;nightly-mysql
claim-0435	ea7c32a0bf2d06b4	mysql	docs/specs/baseline-string-padding-functions/specs.md	packages/libmylite/tests/mysql_baseline_string_padding_functions_expectations.sh	packages/libmylite/tests/runtime_string_padding_functions_test.c	-	pr-native;nightly-mysql
claim-0436	af14e19b71d8f64d	mysql	docs/specs/parser-corpus-set-dml-scalar-value-surfaces/specs.md	packages/libmylite/tests/mysql_parser_corpus_expression_value_surfaces_expectations.sh	packages/libmylite/tests/runtime_parser_corpus_expression_value_surfaces_test.c	-	pr-native;nightly-mysql
claim-0437	282f65bd15ff113f	mysql	docs/specs/baseline-reverse-function/specs.md	packages/libmylite/tests/mysql_baseline_reverse_function_expectations.sh	packages/libmylite/tests/runtime_reverse_function_test.c	-	pr-native;nightly-mysql
claim-0438	f077df7e4334a879	mysql	docs/specs/baseline-left-right-functions/specs.md	packages/libmylite/tests/mysql_baseline_left_right_functions_expectations.sh	packages/libmylite/tests/runtime_string_slice_functions_test.c	-	pr-native;nightly-mysql
claim-0439	7759328dfee4754e	mysql	docs/specs/baseline-string-padding-functions/specs.md	packages/libmylite/tests/mysql_baseline_string_padding_functions_expectations.sh	packages/libmylite/tests/runtime_string_padding_functions_test.c	-	pr-native;nightly-mysql
claim-0440	8d932bb500655eca	mysql	docs/specs/baseline-trim-string-functions/specs.md	packages/libmylite/tests/mysql_baseline_trim_string_functions_expectations.sh	packages/libmylite/tests/runtime_trim_string_functions_test.c	-	pr-native;nightly-mysql
claim-0441	fa650067ed953373	mysql	docs/specs/baseline-soundex-function/specs.md	packages/libmylite/tests/mysql_baseline_soundex_function_expectations.sh	packages/libmylite/tests/runtime_soundex_function_test.c	-	pr-native;nightly-mysql
claim-0442	8ff3c669696f0f79	mysql	docs/specs/baseline-string-padding-functions/specs.md	packages/libmylite/tests/mysql_baseline_string_padding_functions_expectations.sh	packages/libmylite/tests/runtime_string_padding_functions_test.c	-	pr-native;nightly-mysql
claim-0443	6f262fd39865ac40	mysql	docs/specs/baseline-strcmp-function/specs.md	packages/libmylite/tests/mysql_baseline_strcmp_function_expectations.sh	packages/libmylite/tests/runtime_string_search_functions_test.c	-	pr-native;nightly-mysql
claim-0444	d7b4cf3cb749d9c8	mysql	docs/specs/baseline-substring-functions/specs.md	packages/libmylite/tests/mysql_baseline_substring_functions_expectations.sh	packages/libmylite/tests/runtime_string_slice_functions_test.c	-	pr-native;nightly-mysql
claim-0445	5e3e4b9241fc3d8a	mysql	docs/specs/baseline-substring-functions/specs.md	packages/libmylite/tests/mysql_baseline_substring_functions_expectations.sh	packages/libmylite/tests/runtime_string_slice_functions_test.c	-	pr-native;nightly-mysql
claim-0446	458e5bd20c7e6a55	mysql	docs/specs/baseline-substring-index-function/specs.md	packages/libmylite/tests/mysql_baseline_substring_index_function_expectations.sh	packages/libmylite/tests/runtime_string_slice_functions_test.c	-	pr-native;nightly-mysql
claim-0447	ccb90fe741936611	mysql	docs/specs/baseline-base64-functions/specs.md	packages/libmylite/tests/mysql_baseline_base64_functions_expectations.sh	packages/libmylite/tests/runtime_base64_functions_test.c	-	pr-native;nightly-mysql
claim-0448	3d446b7502b6b11e	mysql	docs/specs/baseline-trim-string-functions/specs.md	packages/libmylite/tests/mysql_baseline_trim_string_functions_expectations.sh	packages/libmylite/tests/runtime_trim_string_functions_test.c	-	pr-native;nightly-mysql
claim-0449	f3f15cb8e546411d	mysql	docs/specs/baseline-string-case-functions/specs.md	packages/libmylite/tests/mysql_baseline_string_case_functions_expectations.sh	packages/libmylite/tests/runtime_string_case_functions_test.c	-	pr-native;nightly-mysql
claim-0450	532a8762840f9fbe	mysql	docs/specs/baseline-select-row-scalar-predicates/specs.md	packages/libmylite/tests/mysql_baseline_select_row_scalar_predicates_expectations.sh	packages/libmylite/tests/runtime_select_row_scalar_predicates_test.c	-	pr-native;nightly-mysql
claim-0451	68e59845f1d8e030	mysql	docs/specs/baseline-select-row-scalar-predicates/specs.md	packages/libmylite/tests/mysql_baseline_select_row_scalar_predicates_expectations.sh	packages/libmylite/tests/runtime_select_row_scalar_predicates_test.c	-	pr-native;nightly-mysql
claim-0452	f4e2dde63fb55d7b	mysql	docs/specs/baseline-scalar-period-timezone-weight-functions/specs.md	packages/libmylite/tests/mysql_baseline_scalar_period_timezone_weight_expectations.sh	packages/libmylite/tests/runtime_scalar_period_timezone_weight_functions_test.c	-	pr-native;nightly-mysql
claim-0453	0aaf63e33460d904	mysql	docs/specs/baseline-aes-encryption-functions/specs.md	packages/libmylite/tests/mysql_baseline_aes_encryption_functions_expectations.sh	packages/libmylite/tests/runtime_aes_encryption_functions_test.c	-	pr-native;nightly-mysql
claim-0454	b8da26ecf9eb7a6b	mysql	docs/specs/baseline-aes-encryption-functions/specs.md	packages/libmylite/tests/mysql_baseline_aes_encryption_functions_expectations.sh	packages/libmylite/tests/runtime_aes_encryption_functions_test.c	-	pr-native;nightly-mysql
claim-0455	ee0fc5265252b31c	mysql	docs/specs/baseline-compression-random-functions/specs.md	packages/libmylite/tests/mysql_baseline_compression_random_functions_expectations.sh	packages/libmylite/tests/runtime_compression_random_functions_test.c	-	pr-native;nightly-mysql
claim-0456	ff1bdda02a0201ce	mysql	docs/specs/baseline-digest-functions/specs.md	packages/libmylite/tests/mysql_baseline_digest_functions_expectations.sh	packages/libmylite/tests/runtime_digest_functions_test.c	-	pr-native;nightly-mysql
claim-0457	7556bf642db3e182	mysql	docs/specs/baseline-compression-random-functions/specs.md	packages/libmylite/tests/mysql_baseline_compression_random_functions_expectations.sh	packages/libmylite/tests/runtime_compression_random_functions_test.c	-	pr-native;nightly-mysql
claim-0458	3ce64f502280e953	mysql	docs/specs/baseline-digest-functions/specs.md	packages/libmylite/tests/mysql_baseline_digest_functions_expectations.sh	packages/libmylite/tests/runtime_digest_functions_test.c	-	pr-native;nightly-mysql
claim-0459	a28922fde87209ed	mysql	docs/specs/baseline-digest-functions/specs.md	packages/libmylite/tests/mysql_baseline_digest_functions_expectations.sh	packages/libmylite/tests/runtime_digest_functions_test.c	-	pr-native;nightly-mysql
claim-0460	61dee072b8d1d4a3	mysql	docs/specs/baseline-compression-random-functions/specs.md	packages/libmylite/tests/mysql_baseline_compression_random_functions_expectations.sh	packages/libmylite/tests/runtime_compression_random_functions_test.c	-	pr-native;nightly-mysql
claim-0461	84b640b77017f2c1	mysql	docs/specs/baseline-compression-random-functions/specs.md	packages/libmylite/tests/mysql_baseline_compression_random_functions_expectations.sh	packages/libmylite/tests/runtime_compression_random_functions_test.c	-	pr-native;nightly-mysql
claim-0462	d176d2b0df93043d	mysql	docs/specs/baseline-validate-password-strength-function/specs.md	packages/libmylite/tests/mysql_baseline_validate_password_strength_function_expectations.sh	packages/libmylite/tests/runtime_validate_password_strength_function_test.c	-	pr-native;nightly-mysql
claim-0463	fd6cef9fc970e845	mysql	docs/specs/baseline-named-lock-and-info-functions/specs.md	packages/libmylite/tests/mysql_baseline_named_lock_and_info_functions_expectations.sh	packages/libmylite/tests/runtime_named_lock_and_info_functions_test.c	-	pr-native;nightly-mysql
claim-0464	fbed159a7187b170	mysql	docs/specs/baseline-current-database-function/specs.md	packages/libmylite/tests/mysql_baseline_current_database_function_expectations.sh	packages/libmylite/tests/runtime_current_database_function_test.c	-	pr-native;nightly-mysql
claim-0465	ce5c356fe3069168	mysql	docs/specs/baseline-system-function-residuals/specs.md	packages/libmylite/tests/mysql_baseline_system_function_residuals_expectations.sh	packages/libmylite/tests/runtime_system_function_residuals_test.c	-	pr-native;nightly-mysql
claim-0466	3762dc1bf47c6f58	mysql	docs/specs/baseline-current-database-function/specs.md	packages/libmylite/tests/mysql_baseline_current_database_function_expectations.sh	packages/libmylite/tests/runtime_current_database_function_test.c	-	pr-native;nightly-mysql
claim-0467	b2d568725d3f2267	mysql	docs/specs/baseline-connection-id-function/specs.md	packages/libmylite/tests/mysql_baseline_connection_id_function_expectations.sh	packages/libmylite/tests/runtime_connection_id_function_test.c	-	pr-native;nightly-mysql
claim-0468	3cb3344fe29cbb8b	mysql	docs/specs/baseline-current-role-function/specs.md	packages/libmylite/tests/mysql_baseline_current_role_function_expectations.sh	packages/libmylite/tests/runtime_current_user_identity_test.c	-	pr-native;nightly-mysql
claim-0469	cac23bbebd0b29a2	mysql	docs/specs/baseline-found-rows-function/specs.md	packages/libmylite/tests/mysql_baseline_found_rows_function_expectations.sh	packages/libmylite/tests/runtime_found_rows_function_test.c	-	pr-native;nightly-mysql
claim-0470	cc96a894cd8d95ae	mysql	docs/specs/baseline-named-lock-and-info-functions/specs.md	packages/libmylite/tests/mysql_baseline_named_lock_and_info_functions_expectations.sh	packages/libmylite/tests/runtime_named_lock_and_info_functions_test.c	-	pr-native;nightly-mysql
claim-0471	d71c98ef0020dccb	mysql	docs/specs/baseline-current-user-identity/specs.md	packages/libmylite/tests/mysql_baseline_current_user_identity_expectations.sh	packages/libmylite/tests/runtime_current_user_identity_test.c	-	pr-native;nightly-mysql
claim-0472	4c2ce483dec8e2fa	mysql	docs/specs/baseline-named-lock-and-info-functions/specs.md	packages/libmylite/tests/mysql_baseline_named_lock_and_info_functions_expectations.sh	packages/libmylite/tests/runtime_named_lock_and_info_functions_test.c	-	pr-native;nightly-mysql
claim-0473	d338c10e7ace8f77	mysql	docs/specs/baseline-ip-address-functions/specs.md	packages/libmylite/tests/mysql_baseline_ip_address_functions_expectations.sh	packages/libmylite/tests/runtime_ip_address_functions_test.c	-	pr-native;nightly-mysql
claim-0474	480b5a869b8f543f	mysql	docs/specs/baseline-ip-address-functions/specs.md	packages/libmylite/tests/mysql_baseline_ip_address_functions_expectations.sh	packages/libmylite/tests/runtime_ip_address_functions_test.c	-	pr-native;nightly-mysql
claim-0475	a6390160e0e884b0	mysql	docs/specs/baseline-named-lock-and-info-functions/specs.md	packages/libmylite/tests/mysql_baseline_named_lock_and_info_functions_expectations.sh	packages/libmylite/tests/runtime_named_lock_and_info_functions_test.c	-	pr-native;nightly-mysql
claim-0476	37bf8ecc889382ec	mysql	docs/specs/baseline-named-lock-and-info-functions/specs.md	packages/libmylite/tests/mysql_baseline_named_lock_and_info_functions_expectations.sh	packages/libmylite/tests/runtime_named_lock_and_info_functions_test.c	-	pr-native;nightly-mysql
claim-0477	409ec7d90f11ce54	mysql	docs/specs/parser-corpus-set-dml-scalar-value-surfaces/specs.md	packages/libmylite/tests/mysql_parser_corpus_expression_value_surfaces_expectations.sh	packages/libmylite/tests/runtime_parser_corpus_expression_value_surfaces_test.c	-	pr-native;nightly-mysql
claim-0478	e99aeb7b7f9a3d97	mysql	docs/specs/baseline-system-function-residuals/specs.md	packages/libmylite/tests/mysql_baseline_system_function_residuals_expectations.sh	packages/libmylite/tests/runtime_system_function_residuals_test.c	-	pr-native;nightly-mysql
claim-0479	d1bcf7f9927d5cd7	mysql	docs/specs/baseline-system-function-residuals/specs.md	packages/libmylite/tests/mysql_baseline_system_function_residuals_expectations.sh	packages/libmylite/tests/runtime_system_function_residuals_test.c	-	pr-native;nightly-mysql
claim-0480	b70a7ae36d2b88e6	mysql	docs/specs/baseline-named-lock-and-info-functions/specs.md	packages/libmylite/tests/mysql_baseline_named_lock_and_info_functions_expectations.sh	packages/libmylite/tests/runtime_named_lock_and_info_functions_test.c	-	pr-native;nightly-mysql
claim-0481	1cfbac0b4dac2907	mysql	docs/specs/baseline-named-lock-and-info-functions/specs.md	packages/libmylite/tests/mysql_baseline_named_lock_and_info_functions_expectations.sh	packages/libmylite/tests/runtime_named_lock_and_info_functions_test.c	-	pr-native;nightly-mysql
claim-0482	5383b74ca28ce1d7	mysql	docs/specs/baseline-row-count-function/specs.md	packages/libmylite/tests/mysql_baseline_row_count_function_expectations.sh	packages/libmylite/tests/runtime_row_count_function_test.c	-	pr-native;nightly-mysql
claim-0483	23a292511f161746	mysql	docs/specs/baseline-session-system-user-identity/specs.md	packages/libmylite/tests/mysql_baseline_session_system_user_identity_expectations.sh	packages/libmylite/tests/runtime_current_user_identity_test.c	-	pr-native;nightly-mysql
claim-0484	79904c23a7b694e7	mysql	docs/specs/baseline-system-function-residuals/specs.md	packages/libmylite/tests/mysql_baseline_system_function_residuals_expectations.sh	packages/libmylite/tests/runtime_system_function_residuals_test.c	-	pr-native;nightly-mysql
claim-0485	9fec3cdfe1f728c4	mysql	docs/specs/baseline-session-system-user-identity/specs.md	packages/libmylite/tests/mysql_baseline_session_system_user_identity_expectations.sh	packages/libmylite/tests/runtime_current_user_identity_test.c	-	pr-native;nightly-mysql
claim-0486	5c5d4d6b015a5900	mysql	docs/specs/baseline-system-function-residuals/specs.md	packages/libmylite/tests/mysql_baseline_system_function_residuals_expectations.sh	packages/libmylite/tests/runtime_system_function_residuals_test.c	-	pr-native;nightly-mysql
claim-0487	76cb4f9a5f8e206e	mysql	docs/specs/baseline-current-user-identity/specs.md	packages/libmylite/tests/mysql_baseline_current_user_identity_expectations.sh	packages/libmylite/tests/runtime_current_user_identity_test.c	-	pr-native;nightly-mysql
claim-0488	b32a8fd5032d58af	mysql	docs/specs/baseline-version-row-scalar-contexts/specs.md	packages/libmylite/tests/mysql_baseline_session_value_scalar_projection_expectations.sh	packages/libmylite/tests/runtime_session_value_scalar_projection_test.c	-	pr-native;nightly-mysql
claim-0489	70df2d4414c9b86e	mysql	docs/specs/baseline-update-date-interval-assignment/specs.md	packages/libmylite/tests/mysql_baseline_update_date_interval_assignment_expectations.sh	packages/libmylite/tests/runtime_update_date_interval_assignment_test.c	-	pr-native;nightly-mysql
claim-0490	8e1781d791326d1c	mysql	docs/specs/baseline-addtime-subtime-functions/specs.md	packages/libmylite/tests/mysql_baseline_addtime_subtime_functions_expectations.sh	packages/libmylite/tests/runtime_addtime_subtime_functions_test.c	-	pr-native;nightly-mysql
claim-0491	b9f17e6c3ad9e642	mysql	docs/specs/baseline-scalar-period-timezone-weight-functions/specs.md	packages/libmylite/tests/mysql_baseline_scalar_period_timezone_weight_expectations.sh	packages/libmylite/tests/runtime_scalar_period_timezone_weight_functions_test.c	-	pr-native;nightly-mysql
claim-0492	25857b19b93a288e	mysql	docs/specs/baseline-current-date-time-functions/specs.md	packages/libmylite/tests/mysql_baseline_current_date_time_functions_expectations.sh	packages/libmylite/tests/runtime_current_date_time_functions_test.c	-	pr-native;nightly-mysql
claim-0493	4cd595589f09fe5c	mysql	docs/specs/baseline-current-date-time-functions/specs.md	packages/libmylite/tests/mysql_baseline_current_date_time_functions_expectations.sh	packages/libmylite/tests/runtime_current_date_time_functions_test.c	-	pr-native;nightly-mysql
claim-0494	e11f6648c467a7ab	mysql	docs/specs/baseline-current-date-time-functions/specs.md	packages/libmylite/tests/mysql_baseline_current_date_time_functions_expectations.sh	packages/libmylite/tests/runtime_current_date_time_functions_test.c	-	pr-native;nightly-mysql
claim-0495	f3451753a5405c15	mysql	docs/specs/baseline-current-timestamp-defaults/specs.md	packages/libmylite/tests/mysql_baseline_current_timestamp_defaults_expectations.sh	packages/libmylite/tests/runtime_current_timestamp_defaults_test.c	-	pr-native;nightly-mysql
claim-0496	c17a76d2e0698f77	mysql	docs/specs/baseline-current-date-time-functions/specs.md	packages/libmylite/tests/mysql_baseline_current_date_time_functions_expectations.sh	packages/libmylite/tests/runtime_current_date_time_functions_test.c	-	pr-native;nightly-mysql
claim-0497	d72864c7c7cc55b4	mysql	docs/specs/baseline-temporal-extract-functions/specs.md	packages/libmylite/tests/mysql_baseline_temporal_extract_functions_expectations.sh	packages/libmylite/tests/runtime_temporal_extract_functions_test.c	-	pr-native;nightly-mysql
claim-0498	a75add288d548f45	mysql	docs/specs/baseline-update-date-interval-assignment/specs.md	packages/libmylite/tests/mysql_baseline_update_date_interval_assignment_expectations.sh	packages/libmylite/tests/runtime_update_date_interval_assignment_test.c	-	pr-native;nightly-mysql
claim-0499	295cbf07ef539ada	mysql	docs/specs/baseline-date-format-predicates/specs.md	packages/libmylite/tests/mysql_baseline_date_format_predicates_expectations.sh	packages/libmylite/tests/runtime_date_format_function_test.c	-	pr-native;nightly-mysql
claim-0500	4af75f98dfe8db2d	mysql	docs/specs/baseline-update-date-interval-assignment/specs.md	packages/libmylite/tests/mysql_baseline_update_date_interval_assignment_expectations.sh	packages/libmylite/tests/runtime_update_date_interval_assignment_test.c	-	pr-native;nightly-mysql
claim-0501	326d42f6585d2f80	mysql	docs/specs/baseline-select-row-scalar-predicates/specs.md	packages/libmylite/tests/mysql_baseline_select_row_scalar_predicates_expectations.sh	packages/libmylite/tests/runtime_select_row_scalar_predicates_test.c	-	pr-native;nightly-mysql
claim-0502	4cf93b1779d17122	mysql	docs/specs/baseline-temporal-extract-functions/specs.md	packages/libmylite/tests/mysql_baseline_temporal_extract_functions_expectations.sh	packages/libmylite/tests/runtime_temporal_extract_functions_test.c	-	pr-native;nightly-mysql
claim-0503	bf8eee4f5a9445cc	mysql	docs/specs/baseline-day-month-name-functions/specs.md	packages/libmylite/tests/mysql_baseline_day_month_name_functions_expectations.sh	packages/libmylite/tests/runtime_day_month_name_functions_test.c	-	pr-native;nightly-mysql
claim-0504	3f1154268144c1aa	mysql	docs/specs/baseline-temporal-extract-functions/specs.md	packages/libmylite/tests/mysql_baseline_temporal_extract_functions_expectations.sh	packages/libmylite/tests/runtime_temporal_extract_functions_test.c	-	pr-native;nightly-mysql
claim-0505	569757a8923e9786	mysql	docs/specs/baseline-calendar-date-functions/specs.md	packages/libmylite/tests/mysql_baseline_calendar_date_functions_expectations.sh	packages/libmylite/tests/runtime_calendar_date_functions_test.c	-	pr-native;nightly-mysql
claim-0506	efaa86111040befd	mysql	docs/specs/baseline-calendar-date-functions/specs.md	packages/libmylite/tests/mysql_baseline_calendar_date_functions_expectations.sh	packages/libmylite/tests/runtime_calendar_date_functions_test.c	-	pr-native;nightly-mysql
claim-0507	d055cb2f7d7b0d65	mysql	docs/specs/baseline-extract-function/specs.md	packages/libmylite/tests/mysql_baseline_extract_function_expectations.sh	packages/libmylite/tests/runtime_temporal_extract_functions_test.c	-	pr-native;nightly-mysql
claim-0508	02e35ed9fa80a394	mysql	docs/specs/baseline-temporal-constructor-functions/specs.md	packages/libmylite/tests/mysql_baseline_temporal_constructor_functions_expectations.sh	packages/libmylite/tests/runtime_temporal_constructor_functions_test.c	-	pr-native;nightly-mysql
claim-0509	6c0b6ad3038b884c	mysql	docs/specs/baseline-from-unixtime-function/specs.md	packages/libmylite/tests/mysql_baseline_from_unixtime_function_expectations.sh	packages/libmylite/tests/runtime_from_unixtime_function_test.c	-	pr-native;nightly-mysql
claim-0510	d590d64b78e7acca	mysql	docs/specs/baseline-get-format-function/specs.md	packages/libmylite/tests/mysql_baseline_get_format_function_expectations.sh	packages/libmylite/tests/runtime_get_format_function_test.c	-	pr-native;nightly-mysql
claim-0511	97b07cfcf21cb438	mysql	docs/specs/baseline-temporal-extract-functions/specs.md	packages/libmylite/tests/mysql_baseline_temporal_extract_functions_expectations.sh	packages/libmylite/tests/runtime_temporal_extract_functions_test.c	-	pr-native;nightly-mysql
claim-0512	5b329cd8cbb2091a	mysql	docs/specs/baseline-calendar-date-functions/specs.md	packages/libmylite/tests/mysql_baseline_calendar_date_functions_expectations.sh	packages/libmylite/tests/runtime_calendar_date_functions_test.c	-	pr-native;nightly-mysql
claim-0513	da959de3fdaa3e8d	mysql	docs/specs/baseline-current-timestamp-defaults/specs.md	packages/libmylite/tests/mysql_baseline_current_timestamp_defaults_expectations.sh	packages/libmylite/tests/runtime_current_timestamp_defaults_test.c	-	pr-native;nightly-mysql
claim-0514	600cb9c3be194f0a	mysql	docs/specs/baseline-current-timestamp-defaults/specs.md	packages/libmylite/tests/mysql_baseline_current_timestamp_defaults_expectations.sh	packages/libmylite/tests/runtime_current_timestamp_defaults_test.c	-	pr-native;nightly-mysql
claim-0515	af3c1eb8d41f18c1	mysql	docs/specs/baseline-temporal-constructor-functions/specs.md	packages/libmylite/tests/mysql_baseline_temporal_constructor_functions_expectations.sh	packages/libmylite/tests/runtime_temporal_constructor_functions_test.c	-	pr-native;nightly-mysql
claim-0516	5b1cc2011be4dd5a	mysql	docs/specs/baseline-temporal-constructor-functions/specs.md	packages/libmylite/tests/mysql_baseline_temporal_constructor_functions_expectations.sh	packages/libmylite/tests/runtime_temporal_constructor_functions_test.c	-	pr-native;nightly-mysql
claim-0517	f6866c8fcbf60265	mysql	docs/specs/baseline-microsecond-function/specs.md	packages/libmylite/tests/mysql_baseline_microsecond_function_expectations.sh	packages/libmylite/tests/runtime_temporal_extract_functions_test.c	-	pr-native;nightly-mysql
claim-0518	e5c2b6259bb5bc4f	mysql	docs/specs/baseline-temporal-extract-functions/specs.md	packages/libmylite/tests/mysql_baseline_temporal_extract_functions_expectations.sh	packages/libmylite/tests/runtime_temporal_extract_functions_test.c	-	pr-native;nightly-mysql
claim-0519	17ba18c3ee6dc26f	mysql	docs/specs/baseline-temporal-extract-functions/specs.md	packages/libmylite/tests/mysql_baseline_temporal_extract_functions_expectations.sh	packages/libmylite/tests/runtime_temporal_extract_functions_test.c	-	pr-native;nightly-mysql
claim-0520	b7b1665080b86846	mysql	docs/specs/baseline-day-month-name-functions/specs.md	packages/libmylite/tests/mysql_baseline_day_month_name_functions_expectations.sh	packages/libmylite/tests/runtime_day_month_name_functions_test.c	-	pr-native;nightly-mysql
claim-0521	204250f97a7c31f7	mysql	docs/specs/baseline-current-date-time-functions/specs.md	packages/libmylite/tests/mysql_baseline_current_date_time_functions_expectations.sh	packages/libmylite/tests/runtime_current_date_time_functions_test.c	-	pr-native;nightly-mysql
claim-0522	625ce8c88bd2646f	mysql	docs/specs/baseline-scalar-period-timezone-weight-functions/specs.md	packages/libmylite/tests/mysql_baseline_scalar_period_timezone_weight_expectations.sh	packages/libmylite/tests/runtime_scalar_period_timezone_weight_functions_test.c	-	pr-native;nightly-mysql
claim-0523	9feaadb104ada2be	mysql	docs/specs/baseline-scalar-period-timezone-weight-functions/specs.md	packages/libmylite/tests/mysql_baseline_scalar_period_timezone_weight_expectations.sh	packages/libmylite/tests/runtime_scalar_period_timezone_weight_functions_test.c	-	pr-native;nightly-mysql
claim-0524	d54a0f27dde3bdf2	mysql	docs/specs/baseline-quarter-function/specs.md	packages/libmylite/tests/mysql_baseline_temporal_extract_functions_expectations.sh	packages/libmylite/tests/runtime_temporal_extract_functions_test.c	-	pr-native;nightly-mysql
claim-0525	9616b624af9da055	mysql	docs/specs/baseline-time-second-conversion-functions/specs.md	packages/libmylite/tests/mysql_baseline_time_second_conversion_functions_expectations.sh	packages/libmylite/tests/runtime_time_second_conversion_functions_test.c	-	pr-native;nightly-mysql
claim-0526	bdf004759035ab8e	mysql	docs/specs/baseline-temporal-extract-functions/specs.md	packages/libmylite/tests/mysql_baseline_temporal_extract_functions_expectations.sh	packages/libmylite/tests/runtime_temporal_extract_functions_test.c	-	pr-native;nightly-mysql
claim-0527	8b182ae7b6730b34	mysql	docs/specs/baseline-str-to-date-function/specs.md	packages/libmylite/tests/mysql_baseline_str_to_date_function_expectations.sh	packages/libmylite/tests/runtime_str_to_date_function_test.c	-	pr-native;nightly-mysql
claim-0528	a0f9266e79b9c73c	mysql	docs/specs/baseline-update-date-interval-assignment/specs.md	packages/libmylite/tests/mysql_baseline_update_date_interval_assignment_expectations.sh	packages/libmylite/tests/runtime_update_date_interval_assignment_test.c	-	pr-native;nightly-mysql
claim-0529	a95fb6acf47d5219	mysql	docs/specs/baseline-addtime-subtime-functions/specs.md	packages/libmylite/tests/mysql_baseline_addtime_subtime_functions_expectations.sh	packages/libmylite/tests/runtime_addtime_subtime_functions_test.c	-	pr-native;nightly-mysql
claim-0530	a9067a3654039af3	mysql	docs/specs/baseline-sysdate-function/specs.md	packages/libmylite/tests/mysql_baseline_sysdate_function_expectations.sh	packages/libmylite/tests/runtime_sysdate_function_test.c	-	pr-native;nightly-mysql
claim-0531	4151b91c72a39e0e	mysql	docs/specs/baseline-time-function/specs.md	packages/libmylite/tests/mysql_baseline_time_function_expectations.sh	packages/libmylite/tests/runtime_temporal_extract_functions_test.c	-	pr-native;nightly-mysql
claim-0532	be17392a13c2c88c	mysql	docs/specs/baseline-time-format-function/specs.md	packages/libmylite/tests/mysql_baseline_time_format_function_expectations.sh	packages/libmylite/tests/runtime_time_format_function_test.c	-	pr-native;nightly-mysql
claim-0533	431c18a6fbbc344c	mysql	docs/specs/baseline-time-second-conversion-functions/specs.md	packages/libmylite/tests/mysql_baseline_time_second_conversion_functions_expectations.sh	packages/libmylite/tests/runtime_time_second_conversion_functions_test.c	-	pr-native;nightly-mysql
claim-0534	f8debb5de8db90bf	mysql	docs/specs/baseline-timediff-function/specs.md	packages/libmylite/tests/mysql_baseline_timediff_function_expectations.sh	packages/libmylite/tests/runtime_timediff_function_test.c	-	pr-native;nightly-mysql
claim-0535	a5cefe5a0d0c2954	mysql	docs/specs/baseline-select-row-scalar-predicates/specs.md	packages/libmylite/tests/mysql_baseline_select_row_scalar_predicates_expectations.sh	packages/libmylite/tests/runtime_select_row_scalar_predicates_test.c	-	pr-native;nightly-mysql
claim-0536	454af25c57c2e987	mysql	docs/specs/baseline-timestampadd-second-function/specs.md	packages/libmylite/tests/mysql_baseline_timestampadd_second_function_expectations.sh	packages/libmylite/tests/runtime_timestampadd_second_function_test.c	-	pr-native;nightly-mysql
claim-0537	7a404fd6806adcff	mysql	docs/specs/baseline-timestampdiff-function/specs.md	packages/libmylite/tests/mysql_baseline_timestampdiff_function_expectations.sh	packages/libmylite/tests/runtime_timestampdiff_function_test.c	-	pr-native;nightly-mysql
claim-0538	cd63a10b0b554e51	mysql	docs/specs/baseline-to-days-to-seconds-functions/specs.md	packages/libmylite/tests/mysql_baseline_to_days_to_seconds_functions_expectations.sh	packages/libmylite/tests/runtime_to_days_to_seconds_functions_test.c	-	pr-native;nightly-mysql
claim-0539	f4bca2fba0312289	mysql	docs/specs/baseline-to-days-to-seconds-functions/specs.md	packages/libmylite/tests/mysql_baseline_to_days_to_seconds_functions_expectations.sh	packages/libmylite/tests/runtime_to_days_to_seconds_functions_test.c	-	pr-native;nightly-mysql
claim-0540	524111a8ab53ea81	mysql	docs/specs/baseline-insert-values-unix-timestamp-arithmetic/specs.md	packages/libmylite/tests/mysql_baseline_insert_values_unix_timestamp_arithmetic_expectations.sh	packages/libmylite/tests/runtime_insert_unix_timestamp_arithmetic_test.c	-	pr-native;nightly-mysql
claim-0541	194d5708b70a46cd	mysql	docs/specs/baseline-utc-date-time-functions/specs.md	packages/libmylite/tests/mysql_baseline_utc_date_time_functions_expectations.sh	packages/libmylite/tests/runtime_utc_date_time_functions_test.c	-	pr-native;nightly-mysql
claim-0542	dbfd48df9cc57738	mysql	docs/specs/baseline-utc-date-time-functions/specs.md	packages/libmylite/tests/mysql_baseline_utc_date_time_functions_expectations.sh	packages/libmylite/tests/runtime_utc_date_time_functions_test.c	-	pr-native;nightly-mysql
claim-0543	dc54330ec2423c5f	mysql	docs/specs/baseline-utc-date-time-functions/specs.md	packages/libmylite/tests/mysql_baseline_utc_date_time_functions_expectations.sh	packages/libmylite/tests/runtime_utc_date_time_functions_test.c	-	pr-native;nightly-mysql
claim-0544	15b0a0647f88d844	mysql	docs/specs/baseline-week-temporal-functions/specs.md	packages/libmylite/tests/mysql_baseline_week_temporal_functions_expectations.sh	packages/libmylite/tests/runtime_week_temporal_functions_test.c	-	pr-native;nightly-mysql
claim-0545	24d1a0ca9e440fcc	mysql	docs/specs/baseline-week-temporal-functions/specs.md	packages/libmylite/tests/mysql_baseline_week_temporal_functions_expectations.sh	packages/libmylite/tests/runtime_week_temporal_functions_test.c	-	pr-native;nightly-mysql
claim-0546	73327d6f18021ab8	mysql	docs/specs/baseline-week-temporal-functions/specs.md	packages/libmylite/tests/mysql_baseline_week_temporal_functions_expectations.sh	packages/libmylite/tests/runtime_week_temporal_functions_test.c	-	pr-native;nightly-mysql
claim-0547	89a0b7ffb615b54d	mysql	docs/specs/baseline-temporal-extract-functions/specs.md	packages/libmylite/tests/mysql_baseline_temporal_extract_functions_expectations.sh	packages/libmylite/tests/runtime_temporal_extract_functions_test.c	-	pr-native;nightly-mysql
claim-0548	33763f30e7aee675	mysql	docs/specs/baseline-week-temporal-functions/specs.md	packages/libmylite/tests/mysql_baseline_week_temporal_functions_expectations.sh	packages/libmylite/tests/runtime_week_temporal_functions_test.c	-	pr-native;nightly-mysql
claim-0549	7ab0b111cd0cc03b	mysql	docs/specs/baseline-core-aggregate-window-functions/specs.md	packages/libmylite/tests/mysql_baseline_core_aggregate_window_functions_expectations.sh	packages/libmylite/tests/runtime_core_aggregate_window_functions_test.c	-	pr-native;nightly-mysql
claim-0550	13a041fc18ab8132	mysql	docs/specs/baseline-bitwise-aggregate-window-functions/specs.md	packages/libmylite/tests/mysql_baseline_bitwise_aggregate_window_functions_expectations.sh	packages/libmylite/tests/runtime_bitwise_aggregate_window_functions_test.c	-	pr-native;nightly-mysql
claim-0551	6af66d5607ab9b78	mysql	docs/specs/baseline-statistical-aggregate-window-functions/specs.md	packages/libmylite/tests/mysql_baseline_statistical_aggregate_window_functions_expectations.sh	packages/libmylite/tests/runtime_statistical_aggregate_window_functions_test.c	-	pr-native;nightly-mysql
claim-0552	a6e4d9375a60f3d8	mysql	docs/specs/baseline-json-aggregate-window-functions/specs.md	packages/libmylite/tests/mysql_baseline_json_aggregate_window_functions_expectations.sh	packages/libmylite/tests/runtime_json_aggregate_window_functions_test.c	-	pr-native;nightly-mysql
claim-0553	c9da145518110488	mysql	docs/specs/baseline-window-rank-navigation-functions/specs.md	packages/libmylite/tests/mysql_baseline_window_rank_navigation_expectations.sh	packages/libmylite/tests/runtime_window_rank_navigation_functions_test.c	-	pr-native;nightly-mysql
claim-0554	097d5a295f6bfafd	mysql	docs/specs/baseline-window-rank-navigation-functions/specs.md	packages/libmylite/tests/mysql_baseline_window_rank_navigation_expectations.sh	packages/libmylite/tests/runtime_window_rank_navigation_functions_test.c	-	pr-native;nightly-mysql
claim-0555	5ec91b2c509104de	mysql	docs/specs/parser-corpus-query-expression-surfaces/specs.md	packages/libmylite/tests/mysql_parser_corpus_query_expression_surfaces_expectations.sh	packages/libmylite/tests/parser_corpus_query_expression_surfaces_test.c	-	pr-native;nightly-mysql
claim-0556	c90a1eb4d41eb015	mysql	docs/specs/baseline-window-rank-navigation-functions/specs.md	packages/libmylite/tests/mysql_baseline_window_rank_navigation_expectations.sh	packages/libmylite/tests/runtime_window_rank_navigation_functions_test.c	-	pr-native;nightly-mysql
claim-0557	03af365b1992473f	mysql	docs/specs/baseline-window-rank-navigation-functions/specs.md	packages/libmylite/tests/mysql_baseline_window_rank_navigation_expectations.sh	packages/libmylite/tests/runtime_window_rank_navigation_functions_test.c	-	pr-native;nightly-mysql
claim-0558	484e6d3e5258a17d	mysql	docs/specs/parser-corpus-query-expression-surfaces/specs.md	packages/libmylite/tests/mysql_parser_corpus_query_expression_surfaces_expectations.sh	packages/libmylite/tests/parser_corpus_query_expression_surfaces_test.c	-	pr-native;nightly-mysql
claim-0559	33eda27a2c062ca4	mysql	docs/specs/baseline-window-rank-navigation-functions/specs.md	packages/libmylite/tests/mysql_baseline_window_rank_navigation_expectations.sh	packages/libmylite/tests/runtime_window_rank_navigation_functions_test.c	-	pr-native;nightly-mysql
claim-0560	1741ccc7861bdbd5	mysql	docs/specs/baseline-window-rank-navigation-functions/specs.md	packages/libmylite/tests/mysql_baseline_window_rank_navigation_expectations.sh	packages/libmylite/tests/runtime_window_rank_navigation_functions_test.c	-	pr-native;nightly-mysql
claim-0561	363d04009df27567	mysql	docs/specs/baseline-window-rank-navigation-functions/specs.md	packages/libmylite/tests/mysql_baseline_window_rank_navigation_expectations.sh	packages/libmylite/tests/runtime_window_rank_navigation_functions_test.c	-	pr-native;nightly-mysql
claim-0562	a0dc64281c5c0757	mysql	docs/specs/baseline-window-rank-navigation-functions/specs.md	packages/libmylite/tests/mysql_baseline_window_rank_navigation_expectations.sh	packages/libmylite/tests/runtime_window_rank_navigation_functions_test.c	-	pr-native;nightly-mysql
claim-0563	4c6dbe24679f7eaa	mysql	docs/specs/baseline-named-window-definitions/specs.md	packages/libmylite/tests/mysql_baseline_named_window_definitions_expectations.sh	packages/libmylite/tests/runtime_named_window_definitions_test.c	-	pr-native;nightly-mysql
claim-0564	b19c0cc4f6124c3b	mysql	docs/specs/baseline-information-schema-predicates/specs.md	packages/libmylite/tests/mysql_baseline_information_schema_predicates_expectations.sh	packages/libmylite/tests/runtime_information_schema_predicates_test.c	-	pr-native;nightly-mysql
claim-0565	9b76ac02c9921688	mysql	docs/specs/baseline-information-schema-role-session-tables/specs.md	packages/libmylite/tests/mysql_baseline_information_schema_role_session_tables_expectations.sh	packages/libmylite/tests/runtime_information_schema_role_session_tables_test.c	-	pr-native;nightly-mysql
claim-0566	1b6bc3ab5cfc869f	mysql	docs/specs/baseline-information-schema-role-session-tables/specs.md	packages/libmylite/tests/mysql_baseline_information_schema_role_session_tables_expectations.sh	packages/libmylite/tests/runtime_information_schema_role_session_tables_test.c	-	pr-native;nightly-mysql
claim-0567	bbc752d20efb6095	mysql	docs/specs/baseline-information-schema-core/specs.md	packages/libmylite/tests/mysql_baseline_information_schema_core_expectations.sh	packages/libmylite/tests/runtime_information_schema_core_test.c	-	pr-native;nightly-mysql
claim-0568	f383439fefa7672c	mysql	docs/specs/baseline-information-schema-core/specs.md	packages/libmylite/tests/mysql_baseline_information_schema_core_expectations.sh	packages/libmylite/tests/runtime_information_schema_core_test.c	-	pr-native;nightly-mysql
claim-0569	6b91fab4958efd18	mysql	docs/specs/baseline-information-schema-core/specs.md	packages/libmylite/tests/mysql_baseline_information_schema_core_expectations.sh	packages/libmylite/tests/runtime_information_schema_core_test.c	-	pr-native;nightly-mysql
claim-0570	4530cf068098d649	mysql	docs/specs/baseline-information-schema-core/specs.md	packages/libmylite/tests/mysql_baseline_information_schema_core_expectations.sh	packages/libmylite/tests/runtime_information_schema_core_test.c	-	pr-native;nightly-mysql
claim-0571	ffd54aebbe5b3c30	mysql	docs/specs/baseline-information-schema-core/specs.md	packages/libmylite/tests/mysql_baseline_information_schema_core_expectations.sh	packages/libmylite/tests/runtime_information_schema_core_test.c	-	pr-native;nightly-mysql
claim-0572	7e8968dfae105c05	mysql	docs/specs/baseline-information-schema-column-statistics/specs.md	packages/libmylite/tests/mysql_baseline_information_schema_column_statistics_expectations.sh	packages/libmylite/tests/runtime_information_schema_column_statistics_test.c	-	pr-native;nightly-mysql
claim-0573	26d053b1ffe91940	mysql	docs/specs/baseline-information-schema-connection-control-failed-login-attempts/specs.md	packages/libmylite/tests/mysql_baseline_information_schema_connection_control_failed_login_attempts_expectations.sh	packages/libmylite/tests/runtime_information_schema_connection_control_failed_login_attempts_test.c	-	pr-native;nightly-mysql
claim-0574	62917384237cc7f1	mysql	docs/specs/baseline-information-schema-core/specs.md	packages/libmylite/tests/mysql_baseline_information_schema_core_expectations.sh	packages/libmylite/tests/runtime_information_schema_core_test.c	-	pr-native;nightly-mysql
claim-0575	9f0c8c76bbce8b7c	mysql	docs/specs/baseline-information-schema-extension-attribute-tables/specs.md	packages/libmylite/tests/mysql_baseline_information_schema_extension_attribute_tables_expectations.sh	packages/libmylite/tests/runtime_information_schema_extension_attribute_tables_test.c	-	pr-native;nightly-mysql
claim-0576	758fbc3390351365	mysql	docs/specs/baseline-information-schema-role-session-tables/specs.md	packages/libmylite/tests/mysql_baseline_information_schema_role_session_tables_expectations.sh	packages/libmylite/tests/runtime_information_schema_role_session_tables_test.c	-	pr-native;nightly-mysql
claim-0577	cc90330b01762e96	mysql	docs/specs/baseline-information-schema-core/specs.md	packages/libmylite/tests/mysql_baseline_information_schema_core_expectations.sh	packages/libmylite/tests/runtime_information_schema_core_test.c	-	pr-native;nightly-mysql
claim-0578	62854d6cb6dd736a	mysql	docs/specs/baseline-information-schema-core/specs.md	packages/libmylite/tests/mysql_baseline_information_schema_core_expectations.sh	packages/libmylite/tests/runtime_information_schema_core_test.c	-	pr-native;nightly-mysql
claim-0579	c337a052592322cf	mysql	docs/specs/baseline-information-schema-files/specs.md	packages/libmylite/tests/mysql_baseline_information_schema_files_expectations.sh	packages/libmylite/tests/runtime_information_schema_files_test.c	-	pr-native;nightly-mysql
claim-0580	f5032507cfdd6dfb	mysql	docs/specs/baseline-information-schema-innodb-buffer-page-tables/specs.md	packages/libmylite/tests/mysql_baseline_information_schema_innodb_buffer_page_tables_expectations.sh	packages/libmylite/tests/runtime_information_schema_innodb_buffer_page_tables_test.c	-	pr-native;nightly-mysql
claim-0581	6aeea5e3a5b817ee	mysql	docs/specs/baseline-information-schema-innodb-buffer-page-tables/specs.md	packages/libmylite/tests/mysql_baseline_information_schema_innodb_buffer_page_tables_expectations.sh	packages/libmylite/tests/runtime_information_schema_innodb_buffer_page_tables_test.c	-	pr-native;nightly-mysql
claim-0582	60a66d09a7821072	mysql	docs/specs/baseline-information-schema-innodb-buffer-pool-stats/specs.md	packages/libmylite/tests/mysql_baseline_information_schema_innodb_buffer_pool_stats_expectations.sh	packages/libmylite/tests/runtime_information_schema_innodb_buffer_pool_stats_test.c	-	pr-native;nightly-mysql
claim-0583	f464915cd8fb1a54	mysql	docs/specs/baseline-information-schema-innodb-cached-indexes/specs.md	packages/libmylite/tests/mysql_baseline_information_schema_innodb_cached_indexes_expectations.sh	packages/libmylite/tests/runtime_information_schema_innodb_cached_indexes_test.c	-	pr-native;nightly-mysql
claim-0584	76d9fc3e2a46392f	mysql	docs/specs/baseline-information-schema-innodb-cmp/specs.md	packages/libmylite/tests/mysql_baseline_information_schema_innodb_cmp_expectations.sh	packages/libmylite/tests/runtime_information_schema_innodb_cmp_test.c	-	pr-native;nightly-mysql
claim-0585	9449791679d99df7	mysql	docs/specs/baseline-information-schema-innodb-cmpmem/specs.md	packages/libmylite/tests/mysql_baseline_information_schema_innodb_cmpmem_expectations.sh	packages/libmylite/tests/runtime_information_schema_innodb_cmpmem_test.c	-	pr-native;nightly-mysql
claim-0586	25abca97eeed5197	mysql	docs/specs/baseline-information-schema-innodb-cmpmem/specs.md	packages/libmylite/tests/mysql_baseline_information_schema_innodb_cmpmem_expectations.sh	packages/libmylite/tests/runtime_information_schema_innodb_cmpmem_test.c	-	pr-native;nightly-mysql
claim-0587	91bf3b13605b2faa	mysql	docs/specs/baseline-information-schema-innodb-cmp-per-index/specs.md	packages/libmylite/tests/mysql_baseline_information_schema_innodb_cmp_per_index_expectations.sh	packages/libmylite/tests/runtime_information_schema_innodb_cmp_per_index_test.c	-	pr-native;nightly-mysql
claim-0588	8aca35b560076554	mysql	docs/specs/baseline-information-schema-innodb-cmp-per-index/specs.md	packages/libmylite/tests/mysql_baseline_information_schema_innodb_cmp_per_index_expectations.sh	packages/libmylite/tests/runtime_information_schema_innodb_cmp_per_index_test.c	-	pr-native;nightly-mysql
claim-0589	ba2bb7e04855493c	mysql	docs/specs/baseline-information-schema-innodb-cmp/specs.md	packages/libmylite/tests/mysql_baseline_information_schema_innodb_cmp_expectations.sh	packages/libmylite/tests/runtime_information_schema_innodb_cmp_test.c	-	pr-native;nightly-mysql
claim-0590	d709112d91602a27	mysql	docs/specs/baseline-information-schema-innodb-columns/specs.md	packages/libmylite/tests/mysql_baseline_information_schema_innodb_columns_expectations.sh	packages/libmylite/tests/runtime_information_schema_innodb_columns_test.c	-	pr-native;nightly-mysql
claim-0591	4faa066355f0a833	mysql	docs/specs/baseline-information-schema-innodb-tablespace-metadata/specs.md	packages/libmylite/tests/mysql_baseline_information_schema_innodb_tablespace_metadata_expectations.sh	packages/libmylite/tests/runtime_information_schema_innodb_tablespace_metadata_test.c	-	pr-native;nightly-mysql
claim-0592	7699fd0c036a1b34	mysql	docs/specs/baseline-information-schema-innodb-foreign/specs.md	packages/libmylite/tests/mysql_baseline_information_schema_innodb_foreign_expectations.sh	packages/libmylite/tests/runtime_information_schema_innodb_foreign_test.c	-	pr-native;nightly-mysql
claim-0593	e00bcebd9284929a	mysql	docs/specs/baseline-information-schema-innodb-foreign/specs.md	packages/libmylite/tests/mysql_baseline_information_schema_innodb_foreign_expectations.sh	packages/libmylite/tests/runtime_information_schema_innodb_foreign_test.c	-	pr-native;nightly-mysql
claim-0594	76c46577c9da2560	mysql	docs/specs/baseline-information-schema-innodb-ft-deleted/specs.md	packages/libmylite/tests/mysql_baseline_information_schema_innodb_ft_deleted_expectations.sh	packages/libmylite/tests/runtime_information_schema_innodb_ft_deleted_test.c	-	pr-native;nightly-mysql
claim-0595	cb1c120668a753c5	mysql	docs/specs/baseline-information-schema-innodb-ft-config/specs.md	packages/libmylite/tests/mysql_baseline_information_schema_innodb_ft_config_expectations.sh	packages/libmylite/tests/runtime_information_schema_innodb_ft_config_test.c	-	pr-native;nightly-mysql
claim-0596	59ef25bba2080750	mysql	docs/specs/baseline-information-schema-innodb-ft-default-stopword/specs.md	packages/libmylite/tests/mysql_baseline_information_schema_innodb_ft_default_stopword_expectations.sh	packages/libmylite/tests/runtime_information_schema_innodb_ft_default_stopword_test.c	-	pr-native;nightly-mysql
claim-0597	27dce854c5cd6e35	mysql	docs/specs/baseline-information-schema-innodb-ft-deleted/specs.md	packages/libmylite/tests/mysql_baseline_information_schema_innodb_ft_deleted_expectations.sh	packages/libmylite/tests/runtime_information_schema_innodb_ft_deleted_test.c	-	pr-native;nightly-mysql
claim-0598	86c8dbf9b045e657	mysql	docs/specs/baseline-information-schema-innodb-ft-index/specs.md	packages/libmylite/tests/mysql_baseline_information_schema_innodb_ft_index_expectations.sh	packages/libmylite/tests/runtime_information_schema_innodb_ft_index_test.c	-	pr-native;nightly-mysql
claim-0599	2aad26fba75fb3af	mysql	docs/specs/baseline-information-schema-innodb-ft-index/specs.md	packages/libmylite/tests/mysql_baseline_information_schema_innodb_ft_index_expectations.sh	packages/libmylite/tests/runtime_information_schema_innodb_ft_index_test.c	-	pr-native;nightly-mysql
claim-0600	7f75bfe1cb1ee6e9	mysql	docs/specs/baseline-information-schema-innodb-indexes/specs.md	packages/libmylite/tests/mysql_baseline_information_schema_innodb_indexes_expectations.sh	packages/libmylite/tests/runtime_information_schema_innodb_indexes_test.c	-	pr-native;nightly-mysql
claim-0601	45f084bd0c76e782	mysql	docs/specs/baseline-information-schema-innodb-indexes/specs.md	packages/libmylite/tests/mysql_baseline_information_schema_innodb_indexes_expectations.sh	packages/libmylite/tests/runtime_information_schema_innodb_indexes_test.c	-	pr-native;nightly-mysql
claim-0602	e4e5447f5e63767a	mysql	docs/specs/baseline-information-schema-innodb-metrics/specs.md	packages/libmylite/tests/mysql_baseline_information_schema_innodb_metrics_expectations.sh	packages/libmylite/tests/runtime_information_schema_innodb_metrics_test.c	-	pr-native;nightly-mysql
claim-0603	abe1956c692e2e88	mysql	docs/specs/baseline-information-schema-innodb-session-temp-tablespaces/specs.md	packages/libmylite/tests/mysql_baseline_information_schema_innodb_session_temp_tablespaces_expectations.sh	packages/libmylite/tests/runtime_information_schema_innodb_session_temp_tablespaces_test.c	-	pr-native;nightly-mysql
claim-0604	ebe74769336d13a3	mysql	docs/specs/baseline-information-schema-innodb-tables/specs.md	packages/libmylite/tests/mysql_baseline_information_schema_innodb_tables_expectations.sh	packages/libmylite/tests/runtime_information_schema_innodb_tables_test.c	-	pr-native;nightly-mysql
claim-0605	a3683474da98ae0f	mysql	docs/specs/baseline-information-schema-innodb-tablespaces/specs.md	packages/libmylite/tests/mysql_baseline_information_schema_innodb_tablespace_metadata_expectations.sh	packages/libmylite/tests/runtime_information_schema_innodb_tablespace_metadata_test.c	-	pr-native;nightly-mysql
claim-0606	47bcd5e52d57a859	mysql	docs/specs/baseline-information-schema-innodb-tablespace-metadata/specs.md	packages/libmylite/tests/mysql_baseline_information_schema_innodb_tablespace_metadata_expectations.sh	packages/libmylite/tests/runtime_information_schema_innodb_tablespace_metadata_test.c	-	pr-native;nightly-mysql
claim-0607	8b77598cb062939c	mysql	docs/specs/baseline-information-schema-innodb-tablestats/specs.md	packages/libmylite/tests/mysql_baseline_information_schema_innodb_tablestats_expectations.sh	packages/libmylite/tests/runtime_information_schema_innodb_tablestats_test.c	-	pr-native;nightly-mysql
claim-0608	25f6d353522c18c7	mysql	docs/specs/baseline-information-schema-innodb-temp-table-info/specs.md	packages/libmylite/tests/mysql_baseline_information_schema_innodb_temp_table_info_expectations.sh	packages/libmylite/tests/runtime_information_schema_innodb_temp_table_info_test.c	-	pr-native;nightly-mysql
claim-0609	989cf30392be0efd	mysql	docs/specs/baseline-information-schema-innodb-trx/specs.md	packages/libmylite/tests/mysql_baseline_information_schema_innodb_trx_expectations.sh	packages/libmylite/tests/runtime_information_schema_innodb_trx_test.c	-	pr-native;nightly-mysql
claim-0610	8819a7c65939fc58	mysql	docs/specs/baseline-information-schema-innodb-virtual/specs.md	packages/libmylite/tests/mysql_baseline_information_schema_innodb_virtual_expectations.sh	packages/libmylite/tests/runtime_information_schema_innodb_virtual_test.c	-	pr-native;nightly-mysql
claim-0611	3404b358d24646fa	mysql	docs/specs/baseline-information-schema-mysql-system-constraints/specs.md	packages/libmylite/tests/mysql_baseline_information_schema_mysql_system_constraints_expectations.sh	packages/libmylite/tests/runtime_information_schema_mysql_system_constraints_test.c	-	pr-native;nightly-mysql
claim-0612	7711962d3016fc42	mysql	docs/specs/baseline-information-schema-core/specs.md	packages/libmylite/tests/mysql_baseline_information_schema_core_expectations.sh	packages/libmylite/tests/runtime_information_schema_core_test.c	-	pr-native;nightly-mysql
claim-0613	c32903011962ba71	mysql	docs/specs/baseline-information-schema-core/specs.md	packages/libmylite/tests/mysql_baseline_information_schema_core_expectations.sh	packages/libmylite/tests/runtime_information_schema_core_test.c	-	pr-native;nightly-mysql
claim-0614	a10c3c2bd46733c4	mysql	docs/specs/baseline-information-schema-conditional-table-absence/specs.md	packages/libmylite/tests/mysql_baseline_information_schema_conditional_table_absence_expectations.sh	packages/libmylite/tests/runtime_information_schema_conditional_table_absence_test.c	-	pr-native;nightly-mysql
claim-0615	e4bf63e5321bb06f	mysql	docs/specs/baseline-information-schema-conditional-table-absence/specs.md	packages/libmylite/tests/mysql_baseline_information_schema_conditional_table_absence_expectations.sh	packages/libmylite/tests/runtime_information_schema_conditional_table_absence_test.c	-	pr-native;nightly-mysql
claim-0616	a5256024ae3f33bd	mysql	docs/specs/baseline-information-schema-conditional-table-absence/specs.md	packages/libmylite/tests/mysql_baseline_information_schema_conditional_table_absence_expectations.sh	packages/libmylite/tests/runtime_information_schema_conditional_table_absence_test.c	-	pr-native;nightly-mysql
claim-0617	659d6ba91818ec65	mysql	docs/specs/baseline-information-schema-optimizer-trace/specs.md	packages/libmylite/tests/mysql_baseline_information_schema_optimizer_trace_expectations.sh	packages/libmylite/tests/runtime_information_schema_optimizer_trace_test.c	-	pr-native;nightly-mysql
claim-0618	918b471d9b1079d4	mysql	docs/specs/baseline-information-schema-core/specs.md	packages/libmylite/tests/mysql_baseline_information_schema_core_expectations.sh	packages/libmylite/tests/runtime_information_schema_core_test.c	-	pr-native;nightly-mysql
claim-0619	3ee72611a658250b	mysql	docs/specs/baseline-information-schema-core/specs.md	packages/libmylite/tests/mysql_baseline_information_schema_core_expectations.sh	packages/libmylite/tests/runtime_information_schema_core_test.c	-	pr-native;nightly-mysql
claim-0620	5bd19ac79ab4e7f0	mysql	docs/specs/baseline-show-plugins-metadata/specs.md	packages/libmylite/tests/mysql_baseline_show_plugins_metadata_expectations.sh	packages/libmylite/tests/runtime_show_plugins_metadata_test.c	-	pr-native;nightly-mysql
claim-0621	5e32727fb5896851	mysql	docs/specs/baseline-information-schema-core/specs.md	packages/libmylite/tests/mysql_baseline_information_schema_core_expectations.sh	packages/libmylite/tests/runtime_information_schema_core_test.c	-	pr-native;nightly-mysql
claim-0622	6c3e1379197671a8	mysql	docs/specs/baseline-information-schema-profiling/specs.md	packages/libmylite/tests/mysql_baseline_information_schema_profiling_expectations.sh	packages/libmylite/tests/runtime_information_schema_profiling_test.c	-	pr-native;nightly-mysql
claim-0623	c3f95df0b95b5504	mysql	docs/specs/baseline-information-schema-resource-groups/specs.md	packages/libmylite/tests/mysql_baseline_information_schema_resource_groups_expectations.sh	packages/libmylite/tests/runtime_information_schema_resource_groups_test.c	-	pr-native;nightly-mysql
claim-0624	a93b3e6b7efa587d	mysql	docs/specs/baseline-information-schema-role-grant-tables/specs.md	packages/libmylite/tests/mysql_baseline_information_schema_role_grant_tables_expectations.sh	packages/libmylite/tests/runtime_information_schema_role_grant_tables_test.c	-	pr-native;nightly-mysql
claim-0625	437c150b11efe908	mysql	docs/specs/baseline-information-schema-role-grant-tables/specs.md	packages/libmylite/tests/mysql_baseline_information_schema_role_grant_tables_expectations.sh	packages/libmylite/tests/runtime_information_schema_role_grant_tables_test.c	-	pr-native;nightly-mysql
claim-0626	fa25d2df0220fea9	mysql	docs/specs/baseline-information-schema-role-grant-tables/specs.md	packages/libmylite/tests/mysql_baseline_information_schema_role_grant_tables_expectations.sh	packages/libmylite/tests/runtime_information_schema_role_grant_tables_test.c	-	pr-native;nightly-mysql
claim-0627	a644e86ed6804d38	mysql	docs/specs/baseline-information-schema-core/specs.md	packages/libmylite/tests/mysql_baseline_information_schema_core_expectations.sh	packages/libmylite/tests/runtime_information_schema_core_test.c	-	pr-native;nightly-mysql
claim-0628	82356015a8307f29	mysql	docs/specs/baseline-builtin-schema-catalog/specs.md	packages/libmylite/tests/mysql_baseline_builtin_schema_catalog_expectations.sh	packages/libmylite/tests/runtime_information_schema_core_test.c	-	pr-native;nightly-mysql
claim-0629	f59438fd7871be63	mysql	docs/specs/parser-corpus-admin-transaction-surfaces/specs.md	packages/libmylite/tests/mysql_parser_corpus_admin_transaction_surfaces_expectations.sh	packages/libmylite/tests/runtime_parser_corpus_admin_transaction_surfaces_test.c	-	pr-native;nightly-mysql
claim-0630	efc96f768c6ab088	mysql	docs/specs/baseline-information-schema-core/specs.md	packages/libmylite/tests/mysql_baseline_information_schema_core_expectations.sh	packages/libmylite/tests/runtime_information_schema_core_test.c	-	pr-native;nightly-mysql
claim-0631	b2cc4046dcb997a7	mysql	docs/specs/baseline-information-schema-st-geometry-columns/specs.md	packages/libmylite/tests/mysql_baseline_information_schema_st_geometry_columns_expectations.sh	packages/libmylite/tests/runtime_information_schema_st_geometry_columns_test.c	-	pr-native;nightly-mysql
claim-0632	4c95ff617e8651fc	mysql	docs/specs/baseline-information-schema-st-spatial-reference-systems/specs.md	packages/libmylite/tests/mysql_baseline_information_schema_st_spatial_reference_systems_expectations.sh	packages/libmylite/tests/runtime_information_schema_st_spatial_reference_systems_test.c	-	pr-native;nightly-mysql
claim-0633	e601917cf06c0d91	mysql	docs/specs/baseline-information-schema-st-units-of-measure/specs.md	packages/libmylite/tests/mysql_baseline_information_schema_st_units_of_measure_expectations.sh	packages/libmylite/tests/runtime_information_schema_st_units_of_measure_test.c	-	pr-native;nightly-mysql
claim-0634	fc2ab67f606bd200	mysql	docs/specs/baseline-information-schema-core/specs.md	packages/libmylite/tests/mysql_baseline_information_schema_core_expectations.sh	packages/libmylite/tests/runtime_information_schema_core_test.c	-	pr-native;nightly-mysql
claim-0635	d050772001e73905	mysql	docs/specs/baseline-information-schema-mysql-system-constraints/specs.md	packages/libmylite/tests/mysql_baseline_information_schema_mysql_system_constraints_expectations.sh	packages/libmylite/tests/runtime_information_schema_mysql_system_constraints_test.c	-	pr-native;nightly-mysql
claim-0636	f6d3e1c3d8bdb8df	mysql	docs/specs/baseline-information-schema-core/specs.md	packages/libmylite/tests/mysql_baseline_information_schema_core_expectations.sh	packages/libmylite/tests/runtime_information_schema_core_test.c	-	pr-native;nightly-mysql
claim-0637	58dcaf4367ba2fa5	mysql	docs/specs/baseline-information-schema-core/specs.md	packages/libmylite/tests/mysql_baseline_information_schema_core_expectations.sh	packages/libmylite/tests/runtime_information_schema_core_test.c	-	pr-native;nightly-mysql
claim-0638	df6a7924f6c85b6a	mysql	docs/specs/baseline-information-schema-extension-attribute-tables/specs.md	packages/libmylite/tests/mysql_baseline_information_schema_extension_attribute_tables_expectations.sh	packages/libmylite/tests/runtime_information_schema_extension_attribute_tables_test.c	-	pr-native;nightly-mysql
claim-0639	8c62387fbe12b695	mysql	docs/specs/baseline-information-schema-tablespaces-extensions/specs.md	packages/libmylite/tests/mysql_baseline_information_schema_tablespaces_extensions_expectations.sh	packages/libmylite/tests/runtime_information_schema_tablespaces_extensions_test.c	-	pr-native;nightly-mysql
claim-0640	16f8c92afe096f55	mysql	docs/specs/baseline-information-schema-core/specs.md	packages/libmylite/tests/mysql_baseline_information_schema_core_expectations.sh	packages/libmylite/tests/runtime_information_schema_core_test.c	-	pr-native;nightly-mysql
claim-0641	e4a88cb1fa2ec0dc	mysql	docs/specs/baseline-information-schema-conditional-table-absence/specs.md	packages/libmylite/tests/mysql_baseline_information_schema_conditional_table_absence_expectations.sh	packages/libmylite/tests/runtime_information_schema_conditional_table_absence_test.c	-	pr-native;nightly-mysql
claim-0642	06bd6d0ea9395f2a	mysql	docs/specs/baseline-information-schema-conditional-table-absence/specs.md	packages/libmylite/tests/mysql_baseline_information_schema_conditional_table_absence_expectations.sh	packages/libmylite/tests/runtime_information_schema_conditional_table_absence_test.c	-	pr-native;nightly-mysql
claim-0643	81678d4a5cec346e	mysql	docs/specs/baseline-information-schema-conditional-table-absence/specs.md	packages/libmylite/tests/mysql_baseline_information_schema_conditional_table_absence_expectations.sh	packages/libmylite/tests/runtime_information_schema_conditional_table_absence_test.c	-	pr-native;nightly-mysql
claim-0644	bf84acc4c45dfc5e	mysql	docs/specs/baseline-information-schema-core/specs.md	packages/libmylite/tests/mysql_baseline_information_schema_core_expectations.sh	packages/libmylite/tests/runtime_information_schema_core_test.c	-	pr-native;nightly-mysql
claim-0645	eec5b808fffd0a9d	mysql	docs/specs/baseline-information-schema-user-attributes/specs.md	packages/libmylite/tests/mysql_baseline_information_schema_user_attributes_expectations.sh	packages/libmylite/tests/runtime_information_schema_user_attributes_test.c	-	pr-native;nightly-mysql
claim-0646	f5be5e797d67e8f5	mysql	docs/specs/baseline-information-schema-core/specs.md	packages/libmylite/tests/mysql_baseline_information_schema_core_expectations.sh	packages/libmylite/tests/runtime_information_schema_core_test.c	-	pr-native;nightly-mysql
claim-0647	54e0dd5ae3e5e143	mysql	docs/specs/baseline-information-schema-core/specs.md	packages/libmylite/tests/mysql_baseline_information_schema_core_expectations.sh	packages/libmylite/tests/runtime_information_schema_core_test.c	-	pr-native;nightly-mysql
claim-0648	1873baf8a7eb67d3	mysql	docs/specs/baseline-sys-x-ps-schema-table-statistics-io-view/specs.md	packages/libmylite/tests/mysql_baseline_sys_x_ps_schema_table_statistics_io_view_expectations.sh	packages/libmylite/tests/runtime_sys_x_ps_schema_table_statistics_io_view_test.c	-	pr-native;nightly-mysql
claim-0649	55d570499ac982ea	mysql	docs/specs/baseline-information-schema-core/specs.md	packages/libmylite/tests/mysql_baseline_information_schema_core_expectations.sh	packages/libmylite/tests/runtime_information_schema_core_test.c	-	pr-native;nightly-mysql
claim-0650	9b563e52a80992d3	mysql	docs/specs/baseline-loadable-function-diagnostics/specs.md	packages/libmylite/tests/mysql_baseline_loadable_function_diagnostics_expectations.sh	packages/libmylite/tests/runtime_admin_stored_program_placeholders_test.c	-	pr-native;nightly-mysql
claim-0651	40a8d761c67f1bef	mysql	docs/specs/baseline-show-character-set-collation/specs.md	packages/libmylite/tests/mysql_baseline_show_character_set_collation_expectations.sh	packages/libmylite/tests/runtime_show_character_set_collation_test.c	-	pr-native;nightly-mysql
claim-0652	fd20a6e01d302760	mysql	docs/specs/baseline-show-character-set-collation/specs.md	packages/libmylite/tests/mysql_baseline_show_character_set_collation_expectations.sh	packages/libmylite/tests/runtime_show_character_set_collation_test.c	-	pr-native;nightly-mysql
claim-0653	8717130404dafc07	mysql	docs/specs/baseline-show-character-set-collation/specs.md	packages/libmylite/tests/mysql_baseline_show_character_set_collation_expectations.sh	packages/libmylite/tests/runtime_show_character_set_collation_test.c	-	pr-native;nightly-mysql
claim-0654	50d899f60ed03cb9	mysql	docs/specs/baseline-show-errors-diagnostics/specs.md	packages/libmylite/tests/mysql_baseline_show_errors_diagnostics_expectations.sh	packages/libmylite/tests/runtime_show_errors_diagnostics_test.c	-	pr-native;nightly-mysql
claim-0655	5f9ddc0a2605a3e1	mysql	docs/specs/baseline-show-warnings-diagnostics/specs.md	packages/libmylite/tests/mysql_baseline_show_warnings_diagnostics_expectations.sh	packages/libmylite/tests/runtime_show_warnings_diagnostics_test.c	-	pr-native;nightly-mysql
claim-0656	bd1750f7a7233dc7	mysql	docs/specs/baseline-show-columns-introspection/specs.md	packages/libmylite/tests/mysql_baseline_show_columns_introspection_expectations.sh	packages/libmylite/tests/runtime_show_full_columns_introspection_test.c	-	pr-native;nightly-mysql
claim-0657	f664f166f1592db8	mysql	docs/specs/baseline-show-engine-status/specs.md	packages/libmylite/tests/mysql_baseline_show_engine_status_expectations.sh	packages/libmylite/tests/runtime_innodb_engine_surface_test.c	-	pr-native;nightly-mysql
claim-0658	d642ce99c69cb9ff	mysql	docs/specs/baseline-show-engine-status/specs.md	packages/libmylite/tests/mysql_baseline_show_engine_status_expectations.sh	packages/libmylite/tests/runtime_innodb_engine_surface_test.c	-	pr-native;nightly-mysql
claim-0659	ce4399aae56717e6	mysql	docs/specs/baseline-innodb-engine-surface/specs.md	packages/libmylite/tests/mysql_baseline_innodb_engine_surface_expectations.sh	packages/libmylite/tests/runtime_innodb_engine_surface_test.c	-	pr-native;nightly-mysql
claim-0660	3693124ff96c8251	mysql	docs/specs/baseline-show-errors-diagnostics/specs.md	packages/libmylite/tests/mysql_baseline_show_errors_diagnostics_expectations.sh	packages/libmylite/tests/runtime_show_errors_diagnostics_test.c	-	pr-native;nightly-mysql
claim-0661	6d8077b2dda60d8a	mysql	docs/specs/parser-corpus-show-metadata-filter-surfaces/specs.md	packages/libmylite/tests/mysql_baseline_show_binary_log_metadata_expectations.sh	packages/libmylite/tests/runtime_show_binary_log_metadata_test.c	-	pr-native;nightly-mysql
claim-0662	957ee25cd5ce8580	mysql	docs/specs/parser-utility-diagnostics-placeholders/specs.md	packages/libmylite/tests/mysql_baseline_show_routine_status_empty_introspection_expectations.sh	packages/libmylite/tests/parser_utility_diagnostics_placeholders_test.c	-	pr-native;nightly-mysql
claim-0663	6d74edb3cc025071	mysql	docs/specs/parser-corpus-show-metadata-filter-surfaces/specs.md	packages/libmylite/tests/mysql_baseline_show_open_tables_empty_introspection_expectations.sh	packages/libmylite/tests/runtime_show_open_tables_empty_introspection_test.c	-	pr-native;nightly-mysql
claim-0664	c2f84a6adfa05f0b	mysql	docs/specs/baseline-show-plugins-metadata/specs.md	packages/libmylite/tests/mysql_baseline_show_plugins_metadata_expectations.sh	packages/libmylite/tests/runtime_show_plugins_metadata_test.c	-	pr-native;nightly-mysql
claim-0665	52aa4dcb9a31ad14	mysql	docs/specs/baseline-show-plugins-metadata/specs.md	packages/libmylite/tests/mysql_baseline_show_plugins_metadata_expectations.sh	packages/libmylite/tests/runtime_show_plugins_metadata_test.c	-	pr-native;nightly-mysql
claim-0666	880c23e635f7bbff	mysql	docs/specs/baseline-show-privileges/specs.md	packages/libmylite/tests/mysql_baseline_show_privileges_expectations.sh	packages/libmylite/tests/runtime_show_privileges_test.c	-	pr-native;nightly-mysql
claim-0667	7413df6a5147d603	mysql	docs/specs/baseline-show-privileges/specs.md	packages/libmylite/tests/mysql_baseline_show_privileges_expectations.sh	packages/libmylite/tests/runtime_show_privileges_test.c	-	pr-native;nightly-mysql
claim-0668	ecd17c1a52a2445e	mysql	docs/specs/parser-utility-diagnostics-placeholders/specs.md	packages/libmylite/tests/mysql_baseline_show_routine_status_empty_introspection_expectations.sh	packages/libmylite/tests/parser_utility_diagnostics_placeholders_test.c	-	pr-native;nightly-mysql
claim-0669	55c50f2330e03ce4	mysql	docs/specs/baseline-show-processlist-introspection/specs.md	packages/libmylite/tests/mysql_baseline_show_processlist_introspection_expectations.sh	packages/libmylite/tests/runtime_show_processlist_introspection_test.c	-	pr-native;nightly-mysql
claim-0670	49ed03fb7f7d6d97	mysql	docs/specs/baseline-show-status/specs.md	packages/libmylite/tests/mysql_baseline_show_status_expectations.sh	packages/libmylite/tests/runtime_show_status_test.c	-	pr-native;nightly-mysql
claim-0671	3983ba4ee4d3990a	mysql	docs/specs/baseline-show-status/specs.md	packages/libmylite/tests/mysql_baseline_show_status_expectations.sh	packages/libmylite/tests/runtime_show_status_test.c	-	pr-native;nightly-mysql
claim-0672	3598c1d0cdf6c437	mysql	docs/specs/baseline-show-status/specs.md	packages/libmylite/tests/mysql_baseline_show_status_expectations.sh	packages/libmylite/tests/runtime_show_status_test.c	-	pr-native;nightly-mysql
claim-0673	3614c95013b9f543	mysql	docs/specs/baseline-show-status/specs.md	packages/libmylite/tests/mysql_baseline_show_status_expectations.sh	packages/libmylite/tests/runtime_show_status_test.c	-	pr-native;nightly-mysql
claim-0674	df5dbaf15d462a96	mysql	docs/specs/baseline-show-status/specs.md	packages/libmylite/tests/mysql_baseline_show_status_expectations.sh	packages/libmylite/tests/runtime_show_status_test.c	-	pr-native;nightly-mysql
claim-0675	445b694dfd094452	mysql	docs/specs/baseline-show-status/specs.md	packages/libmylite/tests/mysql_baseline_show_status_expectations.sh	packages/libmylite/tests/runtime_show_status_test.c	-	pr-native;nightly-mysql
claim-0676	5405c08d3caa7dfe	mysql	docs/specs/baseline-show-status/specs.md	packages/libmylite/tests/mysql_baseline_show_status_expectations.sh	packages/libmylite/tests/runtime_show_status_test.c	-	pr-native;nightly-mysql
claim-0677	1f430869fd7972b6	mysql	docs/specs/baseline-show-status/specs.md	packages/libmylite/tests/mysql_baseline_show_status_expectations.sh	packages/libmylite/tests/runtime_show_status_test.c	-	pr-native;nightly-mysql
claim-0678	c66ced5f5eb0a392	mysql	docs/specs/baseline-show-status/specs.md	packages/libmylite/tests/mysql_baseline_show_status_expectations.sh	packages/libmylite/tests/runtime_show_status_test.c	-	pr-native;nightly-mysql
claim-0679	61ecfe9acc0a947c	mysql	docs/specs/baseline-show-status/specs.md	packages/libmylite/tests/mysql_baseline_show_status_expectations.sh	packages/libmylite/tests/runtime_show_status_test.c	-	pr-native;nightly-mysql
claim-0680	56e53adb327b88a8	mysql	docs/specs/baseline-show-status/specs.md	packages/libmylite/tests/mysql_baseline_show_status_expectations.sh	packages/libmylite/tests/runtime_show_status_test.c	-	pr-native;nightly-mysql
claim-0681	68f4a9b1d9cb9384	mysql	docs/specs/baseline-show-status/specs.md	packages/libmylite/tests/mysql_baseline_show_status_expectations.sh	packages/libmylite/tests/runtime_show_status_test.c	-	pr-native;nightly-mysql
claim-0682	c2902e37f1cc87a9	mysql	docs/specs/baseline-show-status/specs.md	packages/libmylite/tests/mysql_baseline_show_status_expectations.sh	packages/libmylite/tests/runtime_show_status_test.c	-	pr-native;nightly-mysql
claim-0683	86373b8d10fa1ae7	mysql	docs/specs/baseline-show-status/specs.md	packages/libmylite/tests/mysql_baseline_show_status_expectations.sh	packages/libmylite/tests/runtime_show_status_test.c	-	pr-native;nightly-mysql
claim-0684	6f5af845577b2a84	mysql	docs/specs/baseline-show-status/specs.md	packages/libmylite/tests/mysql_baseline_show_status_expectations.sh	packages/libmylite/tests/runtime_show_status_test.c	-	pr-native;nightly-mysql
claim-0685	3da7985cdf7dd624	mysql	docs/specs/baseline-show-status-optional-absence/specs.md	packages/libmylite/tests/mysql_baseline_show_status_optional_absence_expectations.sh	packages/libmylite/tests/runtime_show_status_optional_absence_test.c	-	pr-native;nightly-mysql
claim-0686	3832b00136cd7160	mysql	docs/specs/baseline-show-triggers-empty-introspection/specs.md	packages/libmylite/tests/mysql_baseline_show_triggers_empty_introspection_expectations.sh	packages/libmylite/tests/runtime_show_triggers_empty_introspection_test.c	-	pr-native;nightly-mysql
claim-0687	10513832d4f0283c	mysql	docs/specs/baseline-show-variables-where/specs.md	packages/libmylite/tests/mysql_baseline_show_variables_where_expectations.sh	packages/libmylite/tests/runtime_show_variables_test.c	-	pr-native;nightly-mysql
claim-0688	77d62ea38f0141e8	mysql	docs/specs/baseline-show-variables-optional-absence/specs.md	packages/libmylite/tests/mysql_baseline_show_variables_optional_absence_expectations.sh	packages/libmylite/tests/runtime_show_variables_optional_absence_test.c	-	pr-native;nightly-mysql
claim-0689	27ffca314fd4c838	mysql	docs/specs/baseline-sql-quote-show-create-system-variable/specs.md	packages/libmylite/tests/mysql_baseline_sql_quote_show_create_system_variable_expectations.sh	packages/libmylite/tests/runtime_sql_quote_show_create_system_variable_test.c	-	pr-native;nightly-mysql
claim-0690	9e1bcd8d88a58bb4	mysql	docs/specs/baseline-show-metadata-regexp-filters/specs.md	packages/libmylite/tests/mysql_baseline_show_metadata_regexp_filters_expectations.sh	packages/libmylite/tests/runtime_show_like_filters_test.c	-	pr-native;nightly-mysql
claim-0691	0254d6fdd955a00f	mysql	docs/specs/baseline-show-routine-status-empty-introspection/specs.md	packages/libmylite/tests/mysql_baseline_show_routine_status_empty_introspection_expectations.sh	packages/libmylite/tests/runtime_show_routine_status_empty_introspection_test.c	-	pr-native;nightly-mysql
claim-0692	192aba634776c4e5	mysql	docs/specs/baseline-show-warnings-diagnostics/specs.md	packages/libmylite/tests/mysql_baseline_show_warnings_diagnostics_expectations.sh	packages/libmylite/tests/runtime_show_warnings_diagnostics_test.c	-	pr-native;nightly-mysql
claim-0693	ed5340a1e0e9a5fa	mysql	docs/specs/baseline-explain-table-introspection/specs.md	packages/libmylite/tests/mysql_baseline_explain_table_introspection_expectations.sh	packages/libmylite/tests/runtime_explain_table_introspection_test.c	-	pr-native;nightly-mysql
claim-0694	de9e837826aa9a4d	mysql	docs/specs/baseline-explain-table-introspection/specs.md	packages/libmylite/tests/mysql_baseline_explain_table_introspection_expectations.sh	packages/libmylite/tests/runtime_explain_table_introspection_test.c	-	pr-native;nightly-mysql
claim-0695	e10ba501cc00efcb	mysql	docs/specs/baseline-checksum-table/specs.md	packages/libmylite/tests/mysql_baseline_checksum_table_expectations.sh	packages/libmylite/tests/runtime_table_maintenance_test.c	-	pr-native;nightly-mysql
claim-0696	8e901068fdaf7977	application	docs/specs/php-extension-packages/specs.md	-	-	packages/php-ext-mylite/tests/core_api_test.php	pr-application:php-extensions
claim-0697	cd3e305bb090a67e	application	docs/specs/wordpress-phpunit-mysqli-harness/specs.md	-	-	tools/wordpress-phpunit-mysqli-mylite	pr-application:wordpress-phpunit
claim-0698	318190f900a6fc15	application	docs/specs/drupal-phpunit-mysqli-harness/specs.md	-	-	tools/drupal-phpunit-mysqli-mylite	pr-application:drupal-phpunit
claim-0699	bb85e3552793f639	application	docs/specs/php-framework-driver-packages/specs.md;docs/specs/laravel-phpunit-pdo-harness/specs.md	-	-	tools/laravel-phpunit-pdo-mylite	pr-application:laravel-phpunit
claim-0700	394bdd9b1016d7e1	application	docs/specs/php-framework-driver-packages/specs.md;docs/specs/doctrine-phpunit-pdo-harness/specs.md	-	-	tools/doctrine-phpunit-pdo-mylite	pr-application:doctrine-phpunit
claim-0701	ed3c259cdf9210c4	application	docs/specs/mediawiki-phpunit-mysqli-harness/specs.md	-	-	tools/mediawiki-phpunit-mysqli-mylite	pr-application:mediawiki-phpunit
claim-0702	b57cf1be9af91bf3	adapter	docs/specs/mysqli-pending-result-state-machine/specs.md	packages/libmylite/tests/mysql_mysqli_pending_result_state_expectations.sh	-	packages/php-ext-mysqli-mylite/tests/mysqli_pending_result_state.php	pr-application:php-extensions;nightly-mysql
claim-0703	ba99788d842276d2	adapter	docs/specs/statement-diagnostics-warning-snapshots/specs.md	packages/libmylite/tests/mysql_statement_diagnostics_warning_snapshots_expectations.sh	-	packages/php-ext-mysqli-mylite/tests/mysqli_warnings.php;packages/php-ext-pdo-mylite/tests/pdo_statement_diagnostics.php	pr-application:php-extensions;nightly-mysql
claim-0704	00a56b5a50f1269a	adapter	docs/specs/php-native-scalar-conversion-server-identity/specs.md	packages/libmylite/tests/mysql_php_native_scalar_conversion_server_identity_expectations.sh	-	packages/php-ext-mysqli-mylite/tests/mysqli_scalar_types.php;packages/php-ext-pdo-mylite/tests/pdo_scalar_types_server_identity.php	pr-application:php-extensions;nightly-mysql
claim-0705	ead21f37babf1991	adapter	docs/specs/php-pdo-metadata-connection-observables/specs.md	packages/libmylite/tests/mysql_php_pdo_metadata_connection_observables_expectations.sh	-	packages/php-ext-mysqli-mylite/tests/mysqli_connection_identity.php;packages/php-ext-pdo-mylite/tests/pdo_metadata_observables.php	pr-application:php-extensions;nightly-mysql
claim-0706	89cddeabe216dff3	application	docs/specs/length-aware-database-paths/specs.md	-	-	packages/php-ext-mylite/tests/core_api_test.php;packages/php-ext-mysqli-mylite/tests/mysqli_path_safety.php;packages/php-ext-pdo-mylite/tests/pdo_api_test.php	pr-application:php-extensions
claim-0707	abe4fb74d81e309b	mysql	docs/specs/bounded-geometry-nesting/specs.md	packages/libmylite/tests/mysql_baseline_spatial_bounded_geometry_nesting_expectations.sh	packages/libmylite/tests/runtime_spatial_bounded_geometry_nesting_test.c	-	pr-native;nightly-mysql
claim-0708	71acfaf835db4b34	mysql	docs/specs/scalable-cancellable-spatial-validation/specs.md	packages/libmylite/tests/mysql_scalable_cancellable_spatial_validation_expectations.sh	packages/libmylite/tests/runtime_spatial_validation_scaling_cancellation_test.c	-	pr-native;nightly-mysql
